,vendor,cost,distance,passengers
0,2,10.5,2.9,1
1,2,21.5,7.49,1
2,2,7.5,1.1,1
3,2,22.5,4.52,3
4,1,8.5,1.4,1
5,2,23.5,5.56,1
6,2,8.0,1.63,1
7,2,8.0,1.41,1
8,1,6.5,1.1,1
9,2,5.0,0.76,1
10,2,40.0,14.4,1
11,2,6.0,1.02,1
12,2,9.5,2.04,3
13,2,6.5,1.11,1
14,2,10.0,2.03,1
15,2,33.0,11.18,1
16,1,9.0,1.8,1
17,2,8.5,1.82,1
18,2,10.0,2.28,1
19,1,6.0,0.8,1
20,2,6.0,1.13,1
21,2,15.5,3.37,1
22,1,7.5,1.4,1
23,1,19.0,5.6,1
24,2,5.0,0.76,1
25,1,22.0,5.2,1
26,2,5.5,0.71,1
27,2,20.0,6.49,1
28,1,13.0,2.5,1
29,1,11.0,1.9,1
30,2,6.5,0.64,1
31,2,6.0,1.3,1
32,2,6.5,1.07,1
33,2,8.5,1.57,1
34,1,7.0,1.4,1
35,2,10.5,2.44,4
36,2,20.0,5.59,1
37,2,5.5,0.87,1
38,2,5.5,1.09,1
39,2,21.0,6.48,1
40,2,7.5,1.52,1
41,2,12.0,2.04,1
42,2,24.0,5.82,1
43,2,46.5,16.85,1
44,1,5.0,0.9,1
45,2,4.5,0.46,1
46,2,6.5,1.14,1
47,2,6.0,1.34,1
48,1,4.0,0.5,1
49,2,15.5,4.4,1
50,1,14.5,3.9,1
51,2,11.0,2.55,1
52,2,6.0,0.98,1
53,1,4.0,0.5,1
54,2,6.5,0.72,1
55,2,32.0,11.29,1
56,2,9.5,2.15,1
57,1,13.5,2.9,1
58,1,7.5,1.5,1
59,2,4.5,0.5,2
60,2,25.5,8.47,1
61,2,15.5,3.91,1
62,2,15.0,3.7,5
63,2,20.0,5.03,1
64,1,2.5,0.0,1
65,2,15.5,3.73,2
66,2,4.0,0.43,1
67,2,6.0,0.83,1
68,1,6.0,1.2,2
69,1,32.0,11.7,1
70,2,9.0,2.11,1
71,2,4.5,0.78,1
72,2,-5.0,0.76,1
73,1,9.0,1.5,1
74,2,16.5,4.47,1
75,1,15.0,3.8,1
76,2,5.5,0.91,1
77,2,25.0,6.75,1
78,2,13.5,2.86,1
79,2,4.5,0.7,1
80,2,7.0,0.61,1
81,2,5.0,0.84,1
82,2,17.0,4.2,1
83,2,5.5,1.05,1
84,2,6.0,0.85,1
85,2,6.5,0.93,1
86,2,23.0,6.49,1
87,2,11.5,2.82,1
88,1,8.0,2.2,1
89,2,3.0,0.1,1
90,2,5.0,0.7,1
91,2,6.0,0.77,1
92,1,6.5,0.9,2
93,2,20.5,6.49,2
94,2,6.5,1.22,1
95,2,7.0,1.39,1
96,2,26.5,6.44,1
97,2,6.0,1.02,1
98,2,9.5,2.39,2
99,2,5.0,0.96,1
100,2,6.5,1.15,2
101,2,22.0,7.14,1
102,1,8.5,1.7,1
103,2,28.5,6.3,1
104,2,7.5,1.82,1
105,2,4.5,0.49,1
106,2,7.0,1.14,1
107,2,17.5,5.12,2
108,1,7.5,1.4,1
109,2,5.0,0.62,1
110,2,10.0,1.31,3
111,2,9.0,1.43,1
112,2,7.0,1.15,5
113,1,8.5,1.5,1
114,1,20.5,5.0,2
115,2,11.0,2.96,1
116,2,6.5,1.04,1
117,2,6.0,0.86,1
118,2,6.0,1.1,1
119,2,30.0,9.34,1
120,1,13.0,3.5,1
121,2,6.0,1.13,1
122,2,4.0,0.52,1
123,1,52.0,18.6,1
124,2,8.0,1.44,1
125,2,11.0,2.47,2
126,2,8.0,1.28,1
127,2,5.5,0.88,2
128,2,6.5,0.96,1
129,2,6.0,0.78,1
130,1,10.0,1.9,1
131,2,9.0,2.18,1
132,2,5.5,0.97,1
133,2,6.5,1.08,1
134,2,11.5,2.85,1
135,2,5.5,1.17,1
136,2,4.0,0.55,1
137,2,5.0,0.57,1
138,2,8.5,1.34,1
139,2,22.0,7.28,1
140,2,16.5,4.66,1
141,1,16.0,3.6,1
142,2,7.0,1.3,1
143,1,6.0,1.0,1
144,2,7.0,1.24,1
145,2,12.5,2.98,1
146,2,5.0,0.81,2
147,2,22.0,6.43,1
148,1,13.0,3.2,2
149,1,6.5,1.0,1
150,2,14.5,3.85,1
151,2,6.5,1.09,1
152,2,4.5,0.72,1
153,2,3.5,0.22,1
154,2,12.0,2.86,1
155,2,21.0,5.35,1
156,2,16.0,3.45,1
157,2,7.5,1.3,1
158,1,5.0,0.6,1
159,1,10.0,1.6,1
160,2,6.5,0.88,1
161,2,13.0,3.16,1
162,1,7.5,1.2,1
163,2,5.5,0.85,3
164,2,12.0,2.53,1
165,1,7.5,1.2,1
166,2,29.5,7.11,1
167,2,5.5,0.7,1
168,2,13.5,2.18,1
169,2,4.5,0.59,5
170,2,5.5,0.95,5
171,1,5.5,0.8,1
172,2,8.5,2.2,1
173,2,27.5,9.67,1
174,2,23.5,6.43,1
175,2,12.0,2.92,1
176,2,7.5,1.55,1
177,2,25.5,6.83,1
178,2,4.5,0.8,3
179,1,5.0,0.4,1
180,2,10.5,1.88,1
181,1,12.5,2.9,1
182,1,4.0,0.5,1
183,2,52.0,0.0,1
184,2,10.5,2.38,4
185,2,5.0,0.84,1
186,1,34.0,9.7,1
187,2,15.5,4.46,5
188,1,22.5,5.0,2
189,2,6.0,1.24,1
190,2,11.5,2.71,1
191,2,4.0,0.62,2
192,2,14.5,2.51,1
193,2,26.0,8.33,1
194,2,18.5,3.66,1
195,2,6.5,1.17,5
196,1,6.0,1.2,1
197,2,8.0,1.51,1
198,2,12.0,2.63,1
199,2,8.5,1.94,1
200,2,4.0,0.55,1
201,2,12.5,3.67,5
202,2,23.5,6.81,1
203,1,7.0,1.4,1
204,2,7.0,1.46,1
205,1,6.0,1.3,2
206,2,4.0,0.51,1
207,2,4.5,0.69,1
208,2,8.5,0.31,1
209,2,8.5,1.3,1
210,2,11.5,2.62,1
211,2,15.5,1.87,1
212,2,34.5,9.95,1
213,1,4.0,0.5,1
214,2,9.5,2.54,1
215,1,19.0,6.1,1
216,2,6.5,1.02,1
217,2,5.0,0.89,2
218,2,6.0,0.96,1
219,2,4.0,0.52,2
220,2,9.5,2.22,1
221,2,11.0,2.06,1
222,2,19.0,6.62,1
223,2,9.0,1.54,1
224,2,24.0,5.21,1
225,2,16.0,3.94,1
226,2,15.0,3.95,1
227,2,20.5,4.2,1
228,2,33.5,10.32,1
229,1,22.0,4.6,1
230,2,7.5,1.46,1
231,2,12.5,3.05,1
232,2,22.5,6.51,1
233,2,18.0,3.67,1
234,2,8.5,1.33,1
235,2,9.0,1.8,1
236,1,10.5,2.1,1
237,2,8.0,1.54,1
238,2,8.5,1.36,1
239,2,15.0,4.5,1
240,1,24.0,5.0,1
241,2,5.0,0.65,1
242,1,36.5,10.6,1
243,1,52.0,18.2,3
244,1,16.5,5.1,1
245,2,17.0,4.93,1
246,1,4.5,0.5,1
247,2,5.5,0.79,1
248,1,7.5,1.3,1
249,1,4.5,0.3,1
250,1,13.5,3.1,1
251,2,5.0,0.76,1
252,2,9.5,2.14,1
253,2,11.5,2.53,3
254,1,10.5,2.2,1
255,2,30.0,10.14,1
256,2,6.0,1.06,1
257,2,28.0,8.02,1
258,2,7.0,1.04,1
259,1,7.5,1.7,2
260,1,10.0,5.6,1
261,2,20.5,4.98,1
262,2,3.0,0.27,1
263,2,5.5,0.86,1
264,2,18.5,5.31,1
265,2,6.0,1.02,1
266,2,6.0,0.93,1
267,2,4.5,0.66,1
268,2,6.5,1.28,1
269,1,0.0,1.4,1
270,2,7.5,1.27,2
271,2,58.5,16.66,1
272,2,9.0,1.63,2
273,2,7.5,1.41,1
274,2,5.5,0.87,1
275,1,5.0,1.0,1
276,2,17.5,3.41,1
277,2,13.0,2.85,3
278,2,10.0,2.49,1
279,1,5.5,1.2,1
280,2,11.0,2.52,1
281,2,8.5,1.75,1
282,1,3.5,0.4,1
283,2,4.5,0.64,1
284,2,7.0,1.35,1
285,1,3.5,0.3,1
286,2,12.0,2.32,1
287,2,11.0,2.9,1
288,2,16.0,4.52,1
289,2,28.0,8.02,1
290,2,10.0,2.34,2
291,2,12.5,2.5,1
292,2,5.0,0.64,1
293,2,7.0,1.17,1
294,1,5.5,0.7,1
295,2,19.5,3.91,1
296,2,11.0,0.04,1
297,1,15.0,3.3,1
298,2,10.0,2.57,1
299,1,7.5,1.3,1
300,1,12.5,2.1,1
301,2,4.5,0.48,1
302,2,28.0,9.5,1
303,2,8.5,2.37,1
304,2,39.0,12.09,1
305,2,5.0,0.68,1
306,2,10.0,1.82,1
307,2,9.0,1.84,5
308,1,6.5,1.1,1
309,2,5.5,0.86,1
310,2,16.0,3.2,1
311,2,2.5,0.0,6
312,2,10.5,2.03,1
313,2,37.5,11.39,1
314,1,7.0,1.4,1
315,2,4.0,0.42,6
316,1,8.0,1.7,2
317,2,23.0,4.34,2
318,1,3.5,0.5,1
319,2,33.0,11.5,3
320,2,5.5,0.84,1
321,2,11.5,2.65,1
322,2,6.5,1.41,1
323,2,4.5,0.81,1
324,2,18.0,5.12,1
325,2,12.0,2.3,6
326,2,7.5,1.86,2
327,2,15.5,3.04,1
328,2,6.5,1.15,1
329,2,8.0,1.94,1
330,1,6.0,1.3,1
331,2,22.5,5.63,2
332,2,5.5,0.77,2
333,2,4.0,0.55,1
334,2,8.5,1.9,1
335,2,5.5,0.71,1
336,2,28.0,8.68,1
337,1,4.5,0.6,1
338,2,5.5,0.93,1
339,2,11.5,3.05,6
340,2,20.5,7.12,1
341,1,5.5,0.6,1
342,1,17.5,3.8,1
343,1,13.0,3.8,2
344,2,36.5,11.28,5
345,2,9.5,1.86,1
346,2,9.0,1.88,1
347,1,4.5,0.6,1
348,2,57.5,15.51,1
349,2,10.0,1.59,1
350,2,5.0,0.59,1
351,1,5.0,0.8,1
352,2,4.5,0.63,1
353,2,10.0,2.82,1
354,2,15.0,2.61,1
355,1,8.0,1.6,1
356,2,6.0,0.92,1
357,2,7.5,1.45,1
358,2,4.0,0.57,1
359,2,21.5,2.68,3
360,2,17.5,5.6,1
361,2,38.0,13.39,1
362,1,14.0,3.0,1
363,1,22.0,6.9,1
364,2,4.5,0.59,1
365,2,6.0,1.42,1
366,2,5.5,1.08,1
367,2,6.0,1.27,1
368,1,13.5,3.0,1
369,2,5.5,0.94,1
370,1,18.0,4.2,1
371,2,6.5,1.41,1
372,1,16.5,4.6,1
373,2,18.5,3.49,1
374,2,12.0,2.21,1
375,1,11.0,2.9,1
376,2,25.0,6.82,1
377,2,5.5,1.02,1
378,2,7.0,0.67,3
379,2,16.5,4.02,1
380,2,5.5,1.08,1
381,2,7.5,1.59,1
382,2,3.5,0.43,1
383,2,13.5,4.06,5
384,2,9.0,1.7,2
385,2,5.0,0.66,1
386,2,7.5,1.52,1
387,2,11.5,2.37,1
388,1,34.0,0.0,2
389,1,7.5,1.6,1
390,2,5.0,0.74,2
391,1,8.5,1.9,1
392,2,16.0,3.87,1
393,2,4.0,0.6,3
394,2,12.0,3.23,2
395,1,5.5,0.8,2
396,2,9.0,1.72,2
397,2,25.0,7.1,1
398,2,5.5,0.0,6
399,2,11.5,3.17,1
400,2,5.0,0.69,1
401,2,4.0,0.55,1
402,2,11.5,2.57,1
403,1,15.5,2.8,1
404,2,8.0,1.43,1
405,2,8.5,1.7,1
406,1,6.0,1.0,1
407,2,5.5,0.88,1
408,2,6.0,1.16,1
409,2,20.0,3.04,1
410,2,11.5,2.61,1
411,2,30.5,7.36,1
412,2,10.0,1.98,1
413,2,4.5,0.82,2
414,2,6.0,1.07,2
415,1,6.0,0.9,1
416,2,4.5,0.65,1
417,2,10.5,1.08,2
418,2,8.5,2.3,3
419,2,5.5,0.0,6
420,2,6.0,1.14,3
421,2,9.0,1.84,2
422,2,9.5,2.78,1
423,2,17.5,4.42,1
424,2,11.0,2.09,1
425,2,5.5,0.69,1
426,2,6.0,1.13,1
427,2,8.5,1.96,1
428,2,6.0,1.17,1
429,1,17.0,5.3,1
430,2,3.0,0.22,1
431,2,24.0,5.7,1
432,2,21.0,6.83,2
433,2,4.5,0.63,1
434,2,7.5,1.15,1
435,1,11.0,2.1,1
436,2,6.5,1.35,1
437,2,7.0,1.42,1
438,2,14.5,4.08,1
439,2,5.5,0.96,1
440,2,16.0,4.16,1
441,2,6.0,1.09,2
442,2,19.5,4.21,1
443,2,14.0,3.03,1
444,2,3.5,0.58,1
445,1,5.5,0.9,2
446,2,13.5,3.31,3
447,2,6.5,1.13,2
448,2,11.0,2.67,1
449,1,10.5,2.1,2
450,2,16.0,3.72,1
451,1,5.5,1.0,1
452,1,8.5,2.3,1
453,2,10.0,1.8,1
454,2,7.5,1.42,1
455,2,11.0,2.58,1
456,2,5.5,0.69,6
457,2,11.0,2.44,1
458,2,11.0,2.39,1
459,1,9.0,1.8,1
460,2,4.5,0.69,1
461,2,10.0,0.0,2
462,2,4.0,0.54,1
463,2,13.0,2.48,1
464,2,9.0,2.19,1
465,2,10.0,2.86,1
466,2,12.0,3.52,1
467,2,5.0,0.7,1
468,2,4.0,0.54,1
469,1,8.0,1.0,1
470,1,5.5,0.7,1
471,2,7.5,0.79,1
472,1,15.0,3.7,1
473,2,16.0,4.01,1
474,1,14.0,3.4,1
475,2,3.0,0.25,1
476,2,6.0,0.87,1
477,2,10.5,1.99,1
478,2,8.5,2.25,1
479,2,11.0,2.37,1
480,2,27.0,9.15,2
481,2,31.0,8.09,1
482,2,15.0,4.03,1
483,2,25.5,7.75,1
484,2,8.5,1.27,1
485,2,8.0,2.04,1
486,2,7.0,1.19,1
487,2,10.5,2.83,3
488,1,12.0,3.3,1
489,2,5.5,1.18,1
490,1,7.0,1.3,1
491,1,13.0,2.1,1
492,2,4.5,0.61,1
493,2,3.5,0.39,1
494,2,9.5,2.41,1
495,1,6.5,1.0,1
496,2,7.0,1.24,1
497,2,10.0,2.28,1
498,2,52.0,0.01,1
499,2,4.5,0.6,1
500,2,8.0,1.74,2
501,1,20.0,6.0,1
502,2,14.0,4.0,1
503,1,10.5,1.8,1
504,2,8.5,2.19,1
505,1,4.5,0.4,1
506,2,5.5,0.73,1
507,2,16.0,3.99,1
508,2,11.0,2.53,1
509,2,15.0,4.79,1
510,1,6.5,1.1,1
511,1,8.0,1.5,1
512,2,5.0,0.87,1
513,2,2.5,0.04,1
514,2,18.0,5.59,1
515,2,20.0,4.59,4
516,2,9.0,2.0,5
517,1,6.5,1.2,1
518,2,4.0,0.63,1
519,2,31.8,0.0,1
520,2,26.0,7.66,1
521,2,6.5,1.17,1
522,2,11.5,2.3,1
523,1,8.5,2.0,1
524,2,10.5,2.34,1
525,2,9.5,1.64,1
526,2,4.0,0.33,1
527,2,8.0,1.4,1
528,2,4.5,0.71,1
529,2,27.0,9.02,2
530,2,11.0,2.26,1
531,1,27.5,7.1,1
532,2,13.5,2.36,1
533,2,10.0,2.4,5
534,2,8.5,1.48,1
535,1,7.0,1.2,1
536,2,60.0,18.31,2
537,1,8.0,1.4,1
538,2,5.5,1.21,1
539,2,10.0,1.8,1
540,1,15.0,4.0,1
541,1,14.5,4.0,1
542,1,9.0,1.7,1
543,2,14.5,4.7,1
544,2,15.0,4.23,1
545,2,8.0,0.57,1
546,2,15.0,3.16,1
547,2,15.0,3.93,3
548,2,25.0,8.77,1
549,1,29.0,9.6,3
550,2,25.5,6.43,1
551,2,11.0,3.19,1
552,2,7.0,1.36,1
553,2,24.0,7.19,1
554,2,5.0,0.72,1
555,1,9.0,1.6,1
556,2,8.5,1.56,1
557,2,5.5,0.85,1
558,1,4.5,0.6,1
559,2,8.5,1.63,1
560,2,5.0,0.77,1
561,2,12.0,3.17,1
562,1,8.0,1.4,1
563,2,39.5,11.51,1
564,2,11.0,2.7,1
565,2,4.5,0.66,1
566,1,10.0,2.5,1
567,2,8.0,1.5,5
568,2,9.0,1.81,1
569,2,5.5,0.85,1
570,2,17.0,5.28,1
571,2,10.5,2.94,2
572,1,5.0,0.7,5
573,2,10.5,1.88,1
574,1,12.0,1.9,1
575,2,22.5,4.4,1
576,1,6.0,1.1,1
577,2,13.5,3.79,1
578,2,10.5,1.84,1
579,2,10.5,1.82,1
580,1,12.5,2.4,1
581,2,10.5,2.79,1
582,1,33.0,11.4,1
583,2,10.5,2.92,1
584,2,12.0,3.08,1
585,1,21.0,4.7,1
586,2,5.0,0.62,1
587,2,17.5,4.41,1
588,1,16.5,3.6,1
589,1,16.0,4.3,1
590,2,10.0,2.79,1
591,1,7.0,1.5,1
592,2,7.0,1.43,1
593,2,14.5,4.56,1
594,1,2.5,0.1,1
595,2,7.0,1.36,1
596,2,13.0,3.03,1
597,1,30.0,8.7,1
598,2,16.5,3.67,1
599,1,21.0,6.1,1
600,2,5.0,1.09,1
601,1,19.0,0.0,1
602,1,8.5,1.4,1
603,2,6.5,0.89,5
604,2,5.5,0.96,5
605,2,8.0,1.43,1
606,2,6.0,1.36,1
607,2,5.5,0.76,1
608,2,5.0,0.78,1
609,2,4.5,0.56,1
610,2,6.5,1.08,1
611,2,12.0,2.84,1
612,2,6.5,1.06,1
613,2,7.0,1.08,1
614,2,6.0,0.94,1
615,2,4.5,0.63,1
616,2,7.5,1.35,2
617,2,7.5,1.69,1
618,2,24.0,7.96,1
619,1,5.5,0.9,1
620,2,8.5,1.6,1
621,2,14.0,3.5,2
622,2,14.0,2.38,3
623,1,58.5,0.0,1
624,2,14.5,4.35,1
625,2,12.5,3.4,5
626,2,11.0,2.45,1
627,1,8.5,2.1,1
628,2,30.0,8.86,1
629,1,8.0,1.6,1
630,2,7.0,1.64,1
631,1,51.0,15.1,1
632,1,6.0,1.1,1
633,2,7.0,1.15,1
634,2,8.0,1.55,1
635,2,7.0,1.47,1
636,1,10.0,2.1,1
637,1,23.5,6.6,1
638,2,17.0,5.47,1
639,2,7.0,1.54,1
640,2,6.5,1.17,1
641,1,7.0,1.4,1
642,2,3.5,0.31,1
643,2,7.0,1.47,1
644,1,6.5,1.3,1
645,2,7.0,1.47,1
646,2,15.5,4.56,1
647,1,7.0,1.4,1
648,2,9.0,2.16,1
649,2,8.5,1.6,1
650,2,8.0,2.02,1
651,2,25.5,4.57,1
652,2,30.0,10.01,1
653,2,5.5,0.82,1
654,1,4.5,0.6,1
655,2,10.0,2.09,1
656,2,3.0,0.26,5
657,2,13.5,3.8,1
658,2,35.0,8.54,1
659,2,6.0,1.05,5
660,1,22.0,6.2,1
661,1,26.0,7.4,1
662,2,18.0,4.28,1
663,2,19.0,6.08,1
664,2,22.0,6.22,1
665,2,5.5,0.85,1
666,2,10.5,2.39,1
667,2,3.5,0.37,2
668,1,6.0,1.1,1
669,2,6.5,1.52,1
670,2,7.5,1.71,2
671,2,5.5,0.95,1
672,2,5.5,0.8,6
673,1,18.5,4.4,1
674,1,25.0,8.7,1
675,1,6.0,0.8,1
676,2,6.5,0.99,3
677,2,6.0,0.95,5
678,1,22.5,6.8,1
679,2,14.0,3.08,1
680,2,8.5,1.06,1
681,2,5.5,0.86,1
682,2,16.5,2.93,1
683,2,6.5,1.8,1
684,2,34.5,12.31,2
685,2,16.5,5.25,1
686,2,7.5,1.35,3
687,2,6.0,1.12,1
688,1,14.5,4.0,1
689,2,15.5,3.32,1
690,1,4.5,0.6,1
691,2,18.0,5.94,1
692,2,14.5,4.0,1
693,2,16.0,3.88,1
694,2,9.5,1.73,1
695,2,8.5,1.77,1
696,1,10.0,2.0,2
697,2,3.5,0.37,2
698,2,38.0,7.59,1
699,1,7.0,1.4,1
700,2,5.0,0.78,1
701,1,15.0,3.4,1
702,2,10.5,2.76,1
703,2,21.0,4.16,1
704,2,14.5,3.68,1
705,1,11.0,1.8,1
706,2,29.0,10.14,1
707,2,6.0,1.1,5
708,1,8.5,2.1,1
709,2,8.5,1.52,1
710,1,13.0,1.6,1
711,2,17.0,4.22,1
712,2,23.0,5.03,3
713,1,23.0,6.9,1
714,2,5.0,0.69,2
715,2,8.5,1.39,1
716,2,4.5,0.82,1
717,2,14.5,3.93,1
718,2,9.5,2.01,1
719,1,8.5,1.7,2
720,2,9.0,1.81,2
721,2,11.5,2.54,1
722,2,6.5,1.22,1
723,2,20.5,6.9,5
724,2,5.0,0.7,1
725,2,20.5,7.0,1
726,2,11.5,2.39,1
727,2,5.0,1.01,1
728,2,29.5,10.63,1
729,2,12.5,2.47,1
730,2,8.0,1.11,1
731,2,6.5,1.13,1
732,2,10.5,2.43,1
733,1,5.0,0.8,1
734,2,11.5,2.65,1
735,2,14.0,4.17,4
736,2,17.5,4.34,5
737,2,10.5,2.94,5
738,1,3.5,0.3,1
739,2,20.0,5.83,1
740,2,5.5,1.05,1
741,2,8.5,1.21,1
742,1,7.5,1.4,1
743,1,17.5,4.0,1
744,2,10.0,2.04,1
745,2,22.5,4.74,1
746,2,16.0,0.14,1
747,2,14.5,2.5,1
748,2,6.0,1.0,1
749,1,11.5,2.7,1
750,1,8.0,1.5,1
751,2,11.0,1.99,1
752,1,10.5,2.3,1
753,1,5.0,0.7,1
754,2,6.5,1.58,6
755,2,10.0,1.66,1
756,2,12.5,3.93,1
757,1,25.5,6.7,3
758,2,6.0,1.24,2
759,2,9.0,1.65,1
760,2,5.0,0.93,2
761,2,3.5,0.24,3
762,2,8.0,1.65,1
763,2,11.0,1.87,1
764,2,8.0,1.98,1
765,2,10.0,2.4,1
766,2,10.5,2.11,1
767,1,6.0,1.1,1
768,2,14.5,3.25,1
769,2,4.5,0.67,1
770,1,8.0,1.1,2
771,2,13.0,5.54,3
772,2,9.5,1.69,1
773,1,10.5,2.4,1
774,1,43.5,14.1,1
775,2,12.0,0.0,1
776,2,8.0,1.78,1
777,2,6.0,1.08,1
778,1,8.5,1.7,1
779,2,5.5,0.97,1
780,2,15.5,3.5,1
781,2,6.0,1.05,2
782,2,8.0,1.52,1
783,2,9.0,1.26,1
784,2,7.0,1.37,1
785,2,15.0,3.64,1
786,1,8.0,1.3,4
787,1,19.5,5.4,1
788,2,12.0,1.81,1
789,2,6.5,1.11,1
790,2,8.0,1.55,1
791,2,14.5,4.08,1
792,2,8.0,1.82,1
793,2,8.5,1.45,1
794,2,6.0,0.88,1
795,2,13.5,3.16,1
796,2,15.0,3.47,3
797,1,14.0,2.9,1
798,1,18.0,4.2,1
799,2,10.0,2.17,1
800,2,4.5,0.5,1
801,2,10.5,2.17,1
802,1,11.5,2.5,1
803,2,6.0,0.79,1
804,2,24.5,6.77,1
805,2,11.5,2.2,1
806,2,6.0,0.99,1
807,2,47.0,14.34,1
808,2,12.5,1.9,2
809,2,8.0,1.51,1
810,2,5.5,0.99,2
811,2,5.5,0.86,1
812,2,4.5,0.4,1
813,2,4.0,0.74,1
814,1,4.0,0.4,2
815,1,6.0,1.2,1
816,1,11.5,2.1,1
817,2,6.0,1.18,1
818,2,7.5,1.49,1
819,2,7.5,1.36,1
820,2,12.5,2.03,1
821,2,5.5,1.03,1
822,2,11.0,2.87,1
823,2,4.5,0.43,1
824,2,6.0,1.01,1
825,2,20.5,6.23,1
826,2,12.5,2.68,1
827,2,6.5,0.78,1
828,2,10.5,2.04,1
829,2,17.5,5.37,1
830,2,7.0,1.28,1
831,2,5.0,0.83,1
832,2,6.0,1.14,1
833,1,29.0,8.2,1
834,1,0.0,4.1,1
835,1,16.5,4.0,1
836,2,13.0,3.98,1
837,2,12.0,2.6,2
838,2,8.5,1.83,1
839,2,34.5,11.21,1
840,1,6.5,1.4,1
841,2,16.0,2.26,1
842,2,4.5,0.8,1
843,1,21.5,6.0,1
844,1,9.5,1.8,4
845,2,23.5,7.66,1
846,2,7.5,1.65,1
847,2,22.0,7.68,1
848,2,8.5,1.68,1
849,2,10.5,1.91,1
850,2,18.5,3.6,1
851,1,22.5,7.1,1
852,2,9.5,2.37,1
853,2,5.5,0.66,1
854,2,35.5,10.27,1
855,2,2.5,0.0,1
856,2,17.5,4.98,1
857,1,19.5,5.4,1
858,2,13.0,3.09,1
859,2,12.5,3.07,1
860,2,5.0,0.82,1
861,2,-5.0,0.66,5
862,1,8.5,1.1,1
863,1,6.5,0.6,1
864,2,6.0,1.02,1
865,2,19.0,4.24,1
866,2,10.0,2.54,1
867,1,23.0,6.2,2
868,2,5.0,0.69,1
869,2,6.5,1.24,1
870,1,13.0,2.7,1
871,1,14.5,3.9,1
872,1,12.5,3.6,3
873,1,6.0,1.0,1
874,2,7.0,1.08,1
875,2,10.5,2.83,1
876,2,6.0,0.98,1
877,1,36.5,9.7,1
878,2,12.0,3.33,1
879,1,8.0,1.6,1
880,2,12.5,2.53,1
881,2,5.5,0.99,1
882,2,32.5,9.4,1
883,2,7.0,1.3,1
884,2,6.0,1.06,1
885,2,14.0,2.63,1
886,2,13.5,4.15,1
887,2,11.0,2.66,1
888,1,11.0,2.5,2
889,2,9.0,2.08,1
890,2,6.0,1.13,1
891,2,11.5,3.06,1
892,2,4.0,0.03,1
893,2,11.0,2.69,1
894,2,4.0,0.51,1
895,1,7.5,1.7,1
896,2,8.0,1.35,1
897,2,13.5,2.41,1
898,1,5.0,0.7,1
899,2,6.0,1.04,1
900,2,9.5,1.92,2
901,2,8.5,1.6,1
902,2,8.0,1.14,5
903,2,16.0,2.95,1
904,1,29.0,9.0,1
905,2,6.0,0.74,1
906,2,7.5,1.12,1
907,2,6.0,1.04,1
908,1,17.0,4.8,3
909,1,7.5,1.1,1
910,2,28.0,8.83,1
911,2,5.5,1.07,1
912,2,18.5,5.57,1
913,2,5.0,0.6,1
914,2,21.5,7.12,1
915,2,5.5,0.84,6
916,2,5.5,0.87,1
917,2,15.5,3.67,1
918,2,10.5,2.0,5
919,2,6.5,1.04,1
920,2,11.0,2.43,1
921,1,11.5,2.7,1
922,1,24.0,7.2,2
923,2,14.5,3.49,1
924,1,7.5,1.5,1
925,2,9.0,2.0,1
926,2,5.0,0.62,1
927,1,14.5,2.7,1
928,2,6.5,1.0,1
929,1,10.0,2.3,1
930,2,20.0,6.66,1
931,2,11.0,2.47,1
932,1,24.0,4.7,1
933,2,11.0,2.17,2
934,1,6.5,1.3,2
935,1,4.0,0.6,1
936,2,8.5,1.98,1
937,2,14.0,3.61,5
938,2,35.0,10.35,1
939,2,16.0,2.94,1
940,2,4.0,0.43,3
941,2,9.0,1.54,1
942,2,13.0,2.35,1
943,1,6.0,1.0,1
944,2,4.0,0.62,1
945,2,5.5,1.21,5
946,2,16.5,3.72,2
947,2,16.0,3.96,2
948,2,6.5,1.58,1
949,2,16.0,3.43,2
950,2,9.0,1.83,1
951,1,11.5,2.4,2
952,2,18.0,2.42,1
953,1,4.5,0.5,1
954,1,6.5,1.3,1
955,2,11.0,3.08,1
956,1,5.0,0.7,2
957,1,4.5,1.0,1
958,1,9.5,2.4,1
959,2,45.0,14.9,2
960,1,7.0,1.2,1
961,1,8.5,1.9,1
962,1,7.5,1.4,3
963,2,5.5,1.15,5
964,2,5.5,0.99,5
965,2,24.5,8.26,2
966,1,9.0,1.8,1
967,2,13.0,3.64,1
968,2,7.0,1.22,1
969,2,14.5,4.38,1
970,2,21.0,6.23,2
971,1,8.5,2.0,1
972,2,28.0,8.16,1
973,2,4.0,0.5,1
974,2,5.0,0.47,1
975,1,10.0,1.9,3
976,2,11.5,2.8,1
977,2,8.0,1.48,1
978,2,8.0,1.63,1
979,2,8.5,1.35,1
980,2,6.0,0.93,1
981,2,8.0,1.39,2
982,1,5.0,0.7,1
983,2,12.0,3.01,1
984,2,19.5,3.91,1
985,1,6.0,0.9,1
986,2,4.5,0.77,1
987,2,26.0,6.74,1
988,2,7.5,1.13,1
989,1,9.0,2.2,1
990,2,2.5,0.0,1
991,2,4.0,0.3,1
992,2,20.0,6.35,1
993,2,18.0,4.85,1
994,2,21.0,6.52,1
995,1,6.0,1.0,1
996,1,15.5,4.4,1
997,2,5.5,0.98,1
998,2,5.0,0.88,1
999,2,4.0,0.61,1
1000,1,47.0,14.0,1
1001,2,6.5,1.17,1
1002,2,13.5,3.82,1
1003,1,23.5,7.0,2
1004,1,9.0,2.1,2
1005,1,20.5,6.6,1
1006,1,4.0,0.4,1
1007,2,3.5,0.51,1
1008,2,14.0,2.29,1
1009,2,4.5,0.55,1
1010,2,13.5,2.76,1
1011,2,7.5,0.27,1
1012,2,5.0,0.74,1
1013,1,10.0,2.3,1
1014,2,7.0,1.45,1
1015,1,13.0,3.0,1
1016,2,7.0,1.4,1
1017,2,9.0,1.22,1
1018,2,12.0,2.7,1
1019,2,5.5,1.01,1
1020,1,6.5,1.2,1
1021,2,8.0,1.72,1
1022,2,14.0,3.29,1
1023,2,8.0,1.18,1
1024,2,7.0,1.32,1
1025,2,17.5,5.38,1
1026,2,8.5,1.61,1
1027,2,11.5,1.46,1
1028,2,12.0,2.63,1
1029,2,11.5,2.48,5
1030,2,14.5,2.45,1
1031,2,5.5,0.88,5
1032,2,12.5,1.75,1
1033,2,10.0,2.24,1
1034,2,6.5,0.65,1
1035,2,16.0,3.5,1
1036,2,9.0,2.05,1
1037,1,20.0,5.8,1
1038,2,6.0,0.85,2
1039,2,7.5,1.35,1
1040,1,15.0,3.1,2
1041,1,8.5,1.2,1
1042,2,15.5,4.62,1
1043,2,18.0,4.49,1
1044,1,9.5,0.0,1
1045,2,9.5,2.39,1
1046,2,3.0,0.17,1
1047,1,6.0,1.0,1
1048,2,35.0,12.75,1
1049,2,12.5,3.04,2
1050,2,10.0,2.34,1
1051,2,11.0,2.45,1
1052,2,9.5,1.29,1
1053,2,13.0,2.73,1
1054,2,13.0,3.14,1
1055,2,5.5,0.93,1
1056,2,5.5,0.99,1
1057,1,17.5,4.9,4
1058,2,8.0,1.07,1
1059,2,11.5,1.51,1
1060,1,7.5,1.3,2
1061,1,4.5,0.7,3
1062,2,5.0,0.55,1
1063,2,7.5,1.41,1
1064,2,7.0,1.43,1
1065,2,31.5,10.09,1
1066,2,12.0,1.91,6
1067,2,6.0,0.98,4
1068,2,25.0,5.43,6
1069,1,17.5,2.6,1
1070,2,7.5,1.04,1
1071,1,6.0,0.9,1
1072,2,6.0,1.3,2
1073,2,20.0,5.21,1
1074,1,12.0,2.8,2
1075,2,8.0,1.81,5
1076,1,3.5,0.2,1
1077,2,6.5,1.21,2
1078,2,38.5,8.12,1
1079,1,11.0,1.8,1
1080,2,3.5,0.52,1
1081,2,11.5,1.77,1
1082,2,11.0,2.84,1
1083,2,14.5,2.99,1
1084,2,9.0,1.81,1
1085,1,5.5,0.7,1
1086,2,9.5,1.88,1
1087,2,8.5,1.95,1
1088,2,26.0,8.64,1
1089,2,16.5,4.61,1
1090,2,14.0,4.21,1
1091,2,6.0,1.13,1
1092,2,7.0,0.84,1
1093,2,7.5,1.32,2
1094,1,60.0,16.7,1
1095,2,13.5,2.89,1
1096,1,12.0,3.0,1
1097,2,5.5,0.83,1
1098,2,-4.5,0.78,3
1099,2,6.0,0.98,1
1100,2,11.5,3.31,1
1101,1,6.5,1.3,2
1102,2,15.0,3.82,1
1103,1,4.0,0.6,1
1104,2,22.0,0.0,1
1105,1,6.0,0.6,1
1106,2,55.0,20.02,3
1107,2,12.5,3.71,1
1108,2,35.0,11.68,1
1109,2,11.0,2.33,1
1110,2,16.0,4.83,1
1111,2,11.0,2.84,1
1112,2,7.0,1.3,1
1113,2,5.5,0.9,1
1114,2,18.0,5.09,1
1115,1,6.5,0.8,2
1116,2,5.0,0.6,1
1117,1,4.0,0.5,1
1118,2,10.0,1.9,1
1119,2,4.0,0.43,1
1120,2,8.5,1.79,1
1121,2,5.0,0.93,1
1122,2,21.0,5.77,1
1123,2,5.0,0.99,1
1124,2,8.0,0.28,1
1125,1,18.0,2.7,1
1126,2,10.0,1.81,1
1127,2,6.5,0.98,1
1128,2,13.0,3.15,1
1129,2,15.0,4.0,5
1130,2,30.5,8.84,1
1131,1,5.5,0.7,1
1132,1,4.0,0.5,1
1133,2,8.0,1.47,1
1134,2,3.0,0.25,1
1135,2,12.0,2.2,1
1136,2,9.0,1.66,2
1137,2,5.0,0.85,1
1138,2,21.0,6.56,1
1139,2,5.5,0.92,1
1140,1,11.0,1.9,2
1141,2,16.5,4.28,1
1142,2,9.0,2.0,1
1143,2,20.5,7.13,2
1144,1,15.0,4.6,1
1145,2,5.0,0.7,1
1146,2,1.0,0.0,1
1147,1,0.0,1.9,1
1148,2,12.0,2.64,1
1149,2,23.5,7.0,1
1150,1,4.5,0.7,1
1151,2,7.0,1.05,1
1152,2,35.0,0.01,1
1153,2,8.0,1.02,1
1154,1,7.5,1.2,1
1155,2,5.0,0.62,1
1156,2,39.0,7.82,5
1157,1,15.5,2.3,4
1158,2,12.0,2.55,1
1159,2,7.5,1.62,1
1160,1,5.5,1.0,1
1161,1,29.5,6.8,2
1162,2,17.0,3.79,1
1163,1,12.0,2.6,1
1164,2,14.0,3.78,1
1165,2,13.0,3.0,1
1166,1,9.5,2.1,1
1167,1,21.0,6.1,1
1168,2,71.0,0.0,1
1169,2,14.0,3.43,2
1170,2,8.5,1.87,1
1171,2,10.0,2.54,1
1172,2,5.5,1.09,5
1173,2,5.5,0.81,1
1174,1,34.0,10.3,1
1175,2,11.0,2.94,1
1176,1,8.0,1.7,1
1177,2,16.0,3.3,1
1178,2,3.0,0.17,1
1179,2,8.5,2.24,1
1180,2,10.5,2.11,1
1181,1,8.0,1.7,1
1182,2,6.0,0.75,1
1183,1,16.5,3.7,1
1184,2,97.5,19.34,1
1185,2,11.5,2.95,1
1186,1,12.5,2.4,1
1187,2,7.5,1.41,1
1188,2,35.0,9.33,1
1189,2,10.0,2.5,1
1190,1,10.0,2.8,1
1191,2,5.0,0.57,6
1192,2,6.5,0.61,1
1193,2,11.5,3.15,3
1194,1,6.5,0.9,2
1195,1,10.0,2.0,1
1196,2,6.0,1.07,1
1197,1,5.0,0.7,1
1198,2,4.5,0.65,1
1199,2,8.5,1.31,1
1200,2,6.0,1.14,1
1201,2,5.0,0.63,1
1202,2,5.5,1.04,5
1203,2,12.0,2.54,1
1204,2,8.0,1.93,1
1205,2,8.5,1.79,1
1206,2,36.5,12.53,2
1207,2,5.5,0.49,1
1208,2,11.5,2.36,1
1209,2,5.0,0.64,1
1210,2,14.5,3.01,1
1211,2,36.0,13.01,1
1212,2,9.0,2.14,1
1213,1,30.5,9.3,1
1214,2,6.0,1.23,2
1215,2,6.0,1.09,5
1216,1,6.0,1.0,1
1217,2,4.5,0.8,1
1218,2,30.0,9.55,1
1219,2,7.0,1.17,1
1220,2,9.0,2.33,1
1221,2,13.0,2.37,1
1222,2,7.0,1.5,1
1223,1,12.0,2.1,1
1224,2,10.0,2.9,1
1225,1,8.0,1.2,1
1226,2,11.5,2.47,1
1227,2,6.5,1.03,1
1228,2,5.5,0.56,1
1229,2,15.5,4.02,5
1230,2,36.0,8.57,1
1231,2,4.0,0.57,1
1232,2,33.5,10.57,1
1233,2,8.5,2.45,1
1234,1,5.5,0.8,1
1235,2,13.5,2.85,1
1236,2,8.0,1.75,1
1237,2,16.5,4.64,5
1238,2,8.0,1.3,1
1239,2,7.0,1.33,1
1240,1,9.5,0.4,1
1241,2,15.0,2.64,1
1242,2,19.0,4.51,1
1243,1,7.0,1.3,1
1244,2,4.0,0.62,1
1245,2,5.5,0.75,1
1246,2,16.0,4.22,1
1247,2,10.5,1.4,1
1248,1,9.5,2.3,1
1249,2,6.5,1.08,1
1250,2,23.0,5.46,2
1251,2,25.5,7.7,1
1252,2,4.0,0.72,2
1253,2,17.0,4.94,1
1254,2,10.0,2.26,1
1255,2,3.5,0.4,1
1256,2,11.5,2.66,1
1257,2,7.5,1.46,1
1258,2,8.0,1.09,1
1259,1,8.5,1.5,1
1260,1,17.5,0.0,1
1261,2,10.0,2.05,1
1262,2,5.5,0.82,1
1263,1,8.5,1.7,1
1264,2,4.0,0.45,1
1265,2,31.5,9.02,1
1266,2,8.5,1.97,1
1267,2,5.5,0.59,3
1268,2,7.0,1.18,1
1269,2,5.0,1.01,1
1270,1,4.0,0.6,1
1271,2,18.5,4.78,1
1272,1,6.0,1.0,1
1273,2,12.5,3.54,1
1274,1,61.5,12.5,1
1275,2,6.0,1.35,1
1276,1,48.0,10.5,1
1277,1,9.0,2.3,1
1278,2,6.5,1.21,2
1279,1,3.0,0.3,1
1280,2,21.0,6.02,5
1281,2,7.0,1.01,1
1282,1,7.0,1.4,1
1283,2,11.0,3.09,5
1284,2,11.5,2.69,1
1285,2,9.5,2.25,5
1286,2,13.0,4.07,1
1287,2,21.5,4.99,2
1288,1,8.0,1.3,1
1289,2,5.0,0.57,2
1290,2,5.0,0.66,3
1291,2,21.5,6.89,1
1292,2,9.5,2.01,1
1293,2,12.0,3.43,1
1294,2,41.5,14.74,1
1295,1,6.0,1.0,1
1296,2,5.5,0.85,1
1297,1,21.5,6.5,1
1298,2,8.5,1.5,1
1299,2,6.0,0.92,1
1300,2,25.5,8.04,1
1301,1,0.0,2.7,0
1302,2,17.5,5.04,5
1303,2,9.5,2.06,2
1304,2,29.0,9.57,1
1305,1,23.5,7.5,1
1306,2,13.5,2.47,1
1307,1,10.0,1.9,1
1308,2,4.5,0.63,1
1309,2,6.5,1.2,1
1310,2,12.0,2.55,3
1311,2,13.0,3.38,1
1312,2,5.5,1.01,1
1313,2,12.0,2.75,1
1314,1,20.0,5.1,3
1315,2,13.5,3.61,1
1316,2,8.5,1.88,1
1317,2,11.0,2.54,1
1318,1,5.5,0.9,1
1319,1,24.0,8.3,1
1320,2,3.5,0.41,1
1321,2,6.0,0.85,1
1322,2,6.0,1.16,1
1323,1,17.0,3.2,1
1324,2,25.5,4.43,1
1325,1,24.5,6.1,1
1326,1,18.0,4.8,2
1327,2,10.5,2.39,1
1328,2,7.0,1.53,1
1329,2,11.5,2.77,1
1330,2,25.5,7.04,1
1331,2,5.0,0.52,1
1332,2,6.5,1.24,6
1333,1,8.5,1.9,1
1334,2,8.0,1.28,1
1335,2,13.0,1.58,1
1336,1,7.5,1.5,1
1337,2,11.0,0.0,1
1338,2,8.0,2.0,1
1339,2,9.0,1.76,1
1340,2,3.5,0.49,1
1341,2,17.5,5.14,1
1342,2,9.0,1.87,1
1343,1,5.5,0.8,1
1344,2,12.0,3.38,1
1345,2,15.5,3.38,1
1346,1,2.5,0.5,1
1347,2,5.5,1.2,1
1348,2,13.5,3.71,1
1349,1,4.5,0.5,1
1350,2,40.0,13.73,1
1351,2,4.0,0.34,1
1352,2,13.0,3.07,2
1353,2,24.5,7.23,1
1354,2,70.0,7.42,2
1355,1,7.5,1.5,1
1356,2,22.0,5.88,1
1357,2,39.5,13.08,1
1358,1,25.0,5.7,1
1359,2,11.0,2.28,1
1360,2,6.5,1.09,1
1361,1,5.5,0.8,1
1362,2,12.0,1.93,1
1363,2,15.0,2.11,1
1364,2,14.5,3.87,1
1365,2,10.0,2.56,1
1366,2,50.0,14.24,1
1367,2,10.5,2.49,6
1368,2,33.5,10.24,1
1369,2,7.0,1.29,1
1370,2,7.5,1.69,1
1371,2,23.5,6.03,1
1372,1,5.5,1.1,1
1373,2,8.0,1.62,1
1374,2,8.5,1.88,1
1375,2,7.0,1.32,1
1376,1,5.5,0.9,1
1377,2,4.5,0.68,2
1378,2,15.0,3.75,1
1379,2,10.0,2.39,1
1380,2,10.5,2.61,1
1381,2,13.0,3.95,1
1382,2,6.5,1.06,1
1383,2,35.5,9.13,1
1384,1,4.0,0.3,1
1385,2,28.5,9.44,1
1386,2,5.5,0.63,1
1387,2,10.5,0.88,5
1388,2,8.5,1.57,1
1389,2,6.0,1.24,1
1390,2,6.0,1.03,1
1391,2,7.0,1.05,1
1392,2,7.5,1.55,1
1393,2,9.5,1.69,1
1394,2,6.5,1.07,1
1395,2,13.5,3.21,2
1396,2,8.5,1.78,1
1397,2,8.5,1.63,5
1398,2,18.0,3.75,1
1399,1,33.0,7.6,1
1400,1,35.0,10.8,2
1401,2,4.0,0.47,1
1402,2,7.5,1.48,1
1403,2,17.0,4.1,1
1404,2,7.5,1.19,1
1405,2,32.5,8.6,1
1406,2,9.0,1.37,1
1407,2,19.0,2.21,1
1408,1,9.5,2.2,1
1409,2,9.0,0.95,1
1410,2,11.5,2.94,1
1411,2,7.5,1.37,1
1412,2,7.5,1.66,1
1413,2,19.5,6.24,1
1414,2,14.0,4.27,3
1415,2,13.0,3.24,1
1416,2,5.0,0.65,5
1417,2,9.0,1.5,2
1418,2,9.5,1.8,1
1419,2,5.0,0.79,1
1420,2,7.5,1.27,1
1421,2,7.5,1.57,1
1422,1,11.5,2.7,1
1423,2,4.0,0.35,1
1424,2,8.5,2.19,1
1425,2,5.5,1.1,1
1426,1,11.5,2.4,1
1427,1,2.5,0.0,1
1428,1,4.0,0.5,1
1429,2,7.5,1.9,1
1430,1,2.5,2.0,1
1431,1,17.0,5.2,2
1432,2,14.5,2.32,1
1433,1,10.0,2.1,1
1434,2,11.5,2.77,1
1435,2,22.5,7.16,2
1436,2,9.0,1.84,3
1437,1,8.5,1.7,1
1438,2,5.5,1.18,1
1439,1,10.0,2.4,1
1440,1,8.0,0.8,1
1441,2,4.0,0.51,1
1442,2,5.5,0.69,1
1443,2,11.5,3.26,1
1444,2,19.5,6.22,1
1445,2,7.5,1.14,2
1446,2,4.5,0.68,1
1447,1,21.0,6.2,1
1448,2,10.5,2.84,1
1449,2,6.5,1.28,1
1450,2,7.0,1.12,1
1451,1,6.0,1.1,1
1452,1,19.5,5.7,3
1453,2,6.0,1.01,2
1454,1,22.5,7.6,1
1455,2,17.0,0.0,1
1456,2,8.5,1.65,1
1457,2,5.5,1.17,1
1458,2,16.0,3.04,1
1459,2,6.5,1.15,5
1460,2,23.5,6.18,5
1461,2,11.0,0.0,1
1462,2,32.0,9.77,5
1463,2,10.0,2.25,1
1464,2,8.0,1.72,1
1465,1,4.5,0.8,1
1466,2,30.5,10.0,1
1467,2,6.5,0.8,1
1468,2,25.0,7.76,1
1469,1,25.0,8.3,1
1470,2,5.0,0.56,1
1471,2,8.0,1.47,1
1472,1,7.5,1.0,3
1473,2,5.5,1.14,1
1474,2,12.0,3.11,1
1475,1,6.0,0.6,1
1476,2,16.0,4.23,1
1477,2,4.5,0.41,1
1478,2,4.5,0.7,1
1479,2,3.0,0.27,1
1480,2,20.5,5.63,5
1481,2,15.0,4.38,1
1482,2,5.0,0.94,1
1483,2,7.0,1.5,1
1484,2,8.0,1.56,1
1485,2,6.0,1.38,6
1486,2,6.5,1.32,1
1487,2,12.0,2.68,1
1488,2,7.0,1.7,1
1489,2,13.0,3.08,1
1490,2,6.0,0.99,1
1491,2,16.5,4.32,1
1492,2,16.0,4.01,1
1493,2,23.5,5.76,1
1494,2,23.5,6.92,1
1495,2,6.5,0.0,2
1496,2,13.5,2.82,1
1497,2,7.0,1.31,5
1498,1,32.5,6.1,1
1499,2,37.0,10.84,1
1500,1,5.0,0.8,1
1501,2,4.0,0.5,1
1502,2,5.0,0.68,1
1503,2,13.0,2.57,1
1504,1,10.0,1.5,1
1505,2,4.5,0.47,1
1506,2,8.0,1.26,1
1507,2,3.5,0.32,1
1508,1,16.5,4.1,1
1509,1,6.0,1.1,1
1510,1,18.5,4.8,1
1511,1,7.5,0.7,2
1512,2,4.0,0.59,2
1513,2,6.5,1.16,1
1514,1,14.0,3.3,2
1515,2,6.5,1.17,1
1516,1,9.0,1.5,1
1517,2,5.0,0.87,1
1518,2,6.5,1.43,2
1519,1,11.0,1.8,1
1520,1,13.5,2.4,1
1521,2,10.0,1.9,1
1522,2,5.5,0.99,1
1523,2,14.5,2.93,1
1524,2,6.5,0.91,5
1525,1,26.5,8.0,1
1526,2,10.5,2.25,1
1527,2,15.5,3.07,1
1528,2,4.5,0.75,1
1529,2,7.5,0.05,1
1530,2,6.5,1.46,2
1531,2,12.0,2.76,1
1532,2,8.5,1.21,1
1533,2,8.0,1.66,2
1534,2,12.0,2.75,1
1535,2,8.5,1.48,5
1536,1,4.0,0.3,1
1537,1,6.5,0.9,1
1538,2,6.5,1.21,1
1539,2,21.5,3.36,1
1540,2,4.0,0.37,1
1541,2,6.0,1.03,1
1542,2,8.0,1.84,1
1543,2,22.5,6.08,1
1544,2,10.0,2.52,1
1545,2,16.5,4.2,1
1546,2,18.5,5.43,1
1547,2,5.5,0.81,1
1548,2,4.0,0.62,1
1549,2,5.0,0.99,1
1550,2,35.5,8.93,2
1551,2,10.0,2.15,1
1552,2,16.0,3.46,3
1553,2,19.5,6.41,1
1554,2,12.5,2.51,1
1555,2,12.5,2.88,1
1556,2,9.5,2.0,1
1557,2,5.0,0.8,1
1558,2,10.0,2.13,1
1559,2,8.0,1.53,1
1560,1,21.0,5.7,2
1561,2,10.0,1.98,5
1562,2,7.0,0.97,1
1563,1,11.0,2.4,1
1564,1,18.0,4.7,1
1565,1,10.5,2.5,1
1566,2,10.5,2.15,1
1567,2,5.0,0.93,1
1568,2,9.5,2.26,1
1569,2,5.5,0.76,1
1570,2,15.0,4.19,1
1571,2,54.5,17.3,1
1572,2,3.5,0.31,1
1573,2,5.0,0.73,5
1574,2,10.5,2.46,1
1575,2,9.0,1.79,1
1576,2,13.0,2.78,1
1577,2,15.5,3.69,1
1578,2,7.0,1.22,1
1579,2,4.5,0.74,6
1580,2,17.5,2.76,5
1581,2,8.5,1.73,1
1582,2,13.0,0.98,3
1583,2,6.0,1.09,1
1584,2,6.0,0.82,1
1585,1,7.5,1.5,1
1586,2,6.5,0.0,6
1587,2,18.5,4.45,5
1588,1,5.0,1.0,1
1589,1,12.0,2.9,1
1590,2,4.5,0.52,1
1591,1,9.0,1.4,2
1592,2,6.0,0.45,1
1593,2,3.0,0.2,2
1594,2,7.5,1.34,1
1595,2,13.5,2.39,1
1596,1,16.5,4.1,1
1597,2,11.0,2.98,1
1598,2,41.0,12.16,2
1599,1,0.0,0.0,1
1600,2,3.0,0.28,1
1601,2,6.0,1.15,1
1602,2,22.0,5.33,1
1603,1,11.5,2.5,1
1604,1,11.5,2.8,1
1605,1,8.0,1.5,1
1606,2,8.5,1.8,3
1607,1,34.5,5.8,1
1608,2,10.0,1.37,1
1609,1,7.0,1.3,1
1610,2,11.5,2.75,1
1611,2,9.5,1.6,1
1612,2,14.0,2.69,1
1613,2,10.0,2.54,1
1614,2,31.5,10.23,1
1615,2,3.5,0.32,1
1616,2,11.5,2.53,1
1617,2,6.5,1.13,1
1618,1,17.5,5.1,1
1619,2,12.0,3.17,1
1620,2,5.0,0.77,1
1621,2,5.5,1.02,1
1622,1,9.5,1.4,1
1623,2,10.0,1.44,1
1624,2,28.5,9.73,3
1625,1,6.5,1.3,2
1626,1,13.5,3.5,2
1627,2,13.0,2.9,1
1628,1,6.5,1.3,1
1629,2,5.0,0.77,1
1630,2,35.0,9.11,1
1631,2,16.0,4.27,1
1632,2,10.5,2.48,1
1633,2,18.0,5.05,2
1634,1,39.5,11.9,1
1635,2,5.5,0.81,1
1636,2,11.0,2.71,1
1637,2,6.5,1.15,1
1638,2,10.5,2.93,1
1639,2,18.5,5.74,1
1640,2,-2.5,0.04,2
1641,2,6.0,0.98,1
1642,2,7.0,1.34,1
1643,2,7.0,1.27,2
1644,2,60.0,21.82,1
1645,2,11.0,2.57,1
1646,2,3.5,0.38,1
1647,2,5.0,0.77,1
1648,1,6.0,0.9,1
1649,2,5.0,0.78,1
1650,2,19.0,5.22,5
1651,2,9.0,1.77,1
1652,2,7.5,1.38,1
1653,2,18.5,4.91,1
1654,2,30.0,7.98,1
1655,2,7.0,1.3,1
1656,2,7.0,1.08,2
1657,2,4.5,0.68,1
1658,1,5.0,0.8,1
1659,2,5.0,0.63,1
1660,2,12.0,2.72,1
1661,1,5.0,0.9,1
1662,1,42.5,12.9,1
1663,2,7.5,2.0,1
1664,2,16.5,2.72,2
1665,2,9.5,2.59,1
1666,2,10.0,2.04,1
1667,1,10.5,1.9,1
1668,2,12.0,2.5,1
1669,2,6.0,1.04,1
1670,2,25.0,17.45,1
1671,2,6.0,0.86,1
1672,2,5.0,0.69,1
1673,2,12.0,2.6,1
1674,2,12.5,2.84,1
1675,2,8.0,1.77,1
1676,2,13.0,3.21,1
1677,2,22.5,5.67,1
1678,2,7.0,1.29,1
1679,2,20.5,5.4,6
1680,2,17.5,4.77,1
1681,2,6.0,0.93,2
1682,2,7.0,0.55,1
1683,2,14.5,3.65,1
1684,1,21.0,6.1,1
1685,1,5.5,0.6,1
1686,1,35.5,8.5,1
1687,2,5.0,0.78,1
1688,2,26.0,6.64,1
1689,1,12.0,2.9,1
1690,2,6.5,0.95,1
1691,1,7.0,1.3,2
1692,2,9.0,1.74,1
1693,2,4.5,0.53,1
1694,2,7.0,1.46,1
1695,2,5.5,1.2,1
1696,2,8.5,2.01,1
1697,2,10.5,2.09,1
1698,2,10.5,1.76,1
1699,2,9.0,1.29,1
1700,1,9.5,1.5,1
1701,2,5.5,0.98,1
1702,2,3.5,0.49,1
1703,2,24.0,7.99,5
1704,2,11.0,2.75,1
1705,2,29.5,5.78,5
1706,2,43.0,7.64,1
1707,2,17.0,4.45,1
1708,2,5.5,1.01,1
1709,2,15.5,3.85,1
1710,2,9.0,1.87,1
1711,2,39.5,11.79,1
1712,2,8.0,2.15,1
1713,1,19.5,5.6,1
1714,2,28.0,8.88,1
1715,2,6.5,1.37,1
1716,2,7.0,1.42,3
1717,2,5.5,0.83,1
1718,2,15.0,2.26,1
1719,2,4.0,0.56,1
1720,2,7.0,1.24,1
1721,2,9.5,2.22,1
1722,1,11.0,2.8,1
1723,2,6.5,1.15,1
1724,2,8.0,1.87,1
1725,2,7.5,1.66,1
1726,1,15.5,4.5,2
1727,2,5.5,1.03,2
1728,2,18.0,5.15,1
1729,2,19.0,4.28,1
1730,2,2.5,0.0,1
1731,2,13.5,3.89,1
1732,1,5.5,0.8,1
1733,1,5.5,0.7,1
1734,2,19.5,5.39,1
1735,2,6.5,0.84,1
1736,2,15.5,3.88,6
1737,2,30.0,8.56,1
1738,2,7.0,1.55,1
1739,2,5.5,0.62,6
1740,2,16.0,3.35,1
1741,2,5.0,0.87,1
1742,2,9.0,1.67,1
1743,1,26.5,4.9,1
1744,2,9.5,1.93,1
1745,1,8.0,2.2,1
1746,1,11.0,1.9,1
1747,1,9.0,1.6,1
1748,1,13.0,3.8,1
1749,1,7.0,1.3,1
1750,1,9.0,1.5,1
1751,2,18.5,5.13,1
1752,1,7.5,1.5,1
1753,2,5.5,0.84,1
1754,2,7.0,1.26,1
1755,2,7.5,1.67,2
1756,2,7.0,0.85,1
1757,2,22.5,5.72,1
1758,2,8.5,1.94,1
1759,1,10.5,1.9,1
1760,1,4.5,0.6,1
1761,1,5.5,0.8,1
1762,2,11.0,2.63,1
1763,1,10.0,2.6,1
1764,1,27.0,6.2,1
1765,2,21.5,6.25,1
1766,2,24.0,8.53,1
1767,1,9.5,2.3,1
1768,2,6.0,0.84,2
1769,2,14.5,3.54,1
1770,2,7.5,1.14,1
1771,2,7.5,1.46,1
1772,1,7.0,1.5,1
1773,2,6.0,1.1,1
1774,2,6.5,0.69,1
1775,1,8.5,1.0,1
1776,2,28.0,4.7,1
1777,1,9.0,1.5,2
1778,2,28.5,6.96,1
1779,2,18.0,4.14,1
1780,2,21.5,6.27,1
1781,2,4.0,0.55,5
1782,2,7.0,1.46,1
1783,2,4.5,0.74,1
1784,2,27.0,8.29,1
1785,2,5.0,0.92,1
1786,2,9.0,2.18,1
1787,2,16.5,4.6,1
1788,1,6.5,1.3,1
1789,2,6.5,1.11,1
1790,2,4.5,0.58,1
1791,2,4.5,0.55,1
1792,2,4.5,0.81,1
1793,2,5.5,0.85,1
1794,1,5.0,0.3,1
1795,2,12.5,2.89,1
1796,2,12.0,2.96,1
1797,2,8.0,1.68,1
1798,2,11.0,2.5,1
1799,2,6.0,1.06,1
1800,2,5.5,0.81,1
1801,2,13.5,2.61,1
1802,2,40.0,14.26,1
1803,2,26.5,6.7,1
1804,1,21.5,6.6,1
1805,1,9.5,1.8,1
1806,2,9.0,1.73,1
1807,1,8.0,1.8,1
1808,2,9.5,1.74,1
1809,2,5.0,0.55,1
1810,2,20.5,4.71,1
1811,2,15.0,3.3,1
1812,2,15.0,2.32,5
1813,2,4.0,0.35,1
1814,2,8.0,1.53,1
1815,2,13.0,4.05,2
1816,2,10.0,2.58,2
1817,1,6.5,1.3,2
1818,2,32.5,8.8,1
1819,2,59.0,21.09,1
1820,2,8.0,1.15,1
1821,1,4.0,0.5,1
1822,2,9.0,1.71,1
1823,2,5.0,0.78,1
1824,2,9.0,2.45,1
1825,1,8.0,1.2,1
1826,2,8.0,1.07,1
1827,2,5.0,0.71,6
1828,2,13.5,3.56,1
1829,2,10.0,2.28,5
1830,2,9.5,1.4,1
1831,2,40.0,0.0,1
1832,2,6.5,1.33,1
1833,2,5.5,0.7,1
1834,1,10.5,2.3,1
1835,2,9.5,1.66,5
1836,2,6.0,0.84,1
1837,2,9.5,1.2,1
1838,2,5.5,1.09,1
1839,2,8.0,1.55,1
1840,1,4.5,0.7,1
1841,2,7.0,1.38,1
1842,2,4.0,0.4,1
1843,1,5.0,1.0,1
1844,2,14.0,3.63,1
1845,2,4.5,0.79,1
1846,2,4.5,0.54,1
1847,2,12.5,1.43,1
1848,2,6.5,1.1,4
1849,2,7.0,1.81,1
1850,2,5.5,0.86,1
1851,1,6.0,1.3,1
1852,2,9.5,0.49,1
1853,2,9.5,2.2,1
1854,2,5.5,0.92,2
1855,2,9.5,1.71,1
1856,2,7.0,1.36,3
1857,2,47.0,15.09,1
1858,2,9.5,2.2,1
1859,2,7.5,1.35,1
1860,2,11.5,2.43,1
1861,2,33.0,9.4,1
1862,2,7.5,1.8,5
1863,2,5.5,0.94,5
1864,2,14.0,2.36,1
1865,2,14.5,3.26,1
1866,2,4.5,0.53,1
1867,2,11.0,2.4,1
1868,1,9.5,1.9,1
1869,2,10.5,2.15,1
1870,2,7.5,0.76,1
1871,2,4.0,0.43,1
1872,2,14.5,4.33,1
1873,2,8.0,1.67,1
1874,2,15.5,3.46,1
1875,2,15.0,0.03,2
1876,1,10.0,2.4,4
1877,2,7.0,1.66,1
1878,2,4.0,0.64,1
1879,2,24.0,5.77,1
1880,2,10.5,2.89,1
1881,2,4.0,0.59,2
1882,2,7.0,1.19,1
1883,2,6.5,0.0,0
1884,2,13.5,3.69,1
1885,2,13.0,2.59,1
1886,2,8.0,1.53,1
1887,2,10.5,1.57,1
1888,2,12.5,3.31,1
1889,2,4.5,0.58,1
1890,2,12.0,3.13,6
1891,2,25.0,6.99,1
1892,2,6.5,1.32,1
1893,1,23.5,7.3,1
1894,2,9.0,2.0,1
1895,1,7.5,1.5,1
1896,2,6.0,0.78,1
1897,2,9.0,2.45,1
1898,2,4.5,0.54,1
1899,2,5.5,0.91,1
1900,2,7.0,1.16,1
1901,1,12.0,2.6,1
1902,1,88.0,2.9,1
1903,2,17.0,3.99,1
1904,1,35.0,10.1,1
1905,2,18.5,4.43,1
1906,1,3.5,0.3,1
1907,2,4.5,0.7,5
1908,2,11.0,2.4,1
1909,2,4.0,0.47,1
1910,2,4.5,0.84,1
1911,2,13.5,2.4,5
1912,2,10.0,1.62,1
1913,1,7.0,1.2,2
1914,2,6.5,1.21,1
1915,2,3.5,0.27,1
1916,2,15.5,3.94,1
1917,1,2.5,0.0,1
1918,2,7.0,1.38,1
1919,1,8.0,1.8,1
1920,2,7.0,1.39,1
1921,2,7.0,1.07,6
1922,1,11.5,2.5,2
1923,1,15.0,4.2,1
1924,2,13.0,2.61,1
1925,1,7.0,1.1,1
1926,1,6.5,1.3,1
1927,2,38.5,12.34,1
1928,2,10.5,2.13,1
1929,1,16.5,5.0,1
1930,2,13.0,1.82,1
1931,1,6.0,1.0,1
1932,2,2.5,0.0,1
1933,2,2.5,0.0,1
1934,2,6.5,0.92,1
1935,2,7.0,1.41,1
1936,2,11.0,2.29,1
1937,1,3.0,0.3,1
1938,2,13.0,3.25,1
1939,2,6.0,0.94,1
1940,2,6.5,1.04,1
1941,1,30.0,5.1,1
1942,1,4.5,0.8,1
1943,2,7.0,0.82,1
1944,2,8.5,1.18,1
1945,1,11.0,2.4,2
1946,2,7.5,1.37,1
1947,1,10.0,2.4,1
1948,2,17.5,5.07,1
1949,2,9.0,2.02,1
1950,2,28.0,0.0,2
1951,2,5.0,0.65,1
1952,2,5.0,0.55,1
1953,2,8.5,1.81,1
1954,2,20.0,4.49,2
1955,2,25.0,3.69,1
1956,1,18.5,3.4,1
1957,2,33.0,9.39,1
1958,2,11.0,2.55,5
1959,1,11.0,2.8,1
1960,1,13.0,2.8,1
1961,2,5.5,0.96,1
1962,2,19.0,3.34,1
1963,2,11.5,3.35,1
1964,1,8.5,2.0,1
1965,2,11.0,2.79,1
1966,2,8.5,1.85,1
1967,2,7.5,1.33,1
1968,2,15.5,4.21,1
1969,2,15.0,7.9,1
1970,2,7.0,1.82,1
1971,2,9.0,1.92,1
1972,2,22.5,6.95,3
1973,1,8.5,1.4,1
1974,1,5.0,0.6,1
1975,2,11.5,3.18,1
1976,2,30.0,9.85,1
1977,2,50.0,18.57,1
1978,1,12.0,3.5,1
1979,1,7.5,1.2,1
1980,2,5.5,0.83,1
1981,2,8.0,1.84,1
1982,2,14.0,3.15,2
1983,2,12.0,1.81,1
1984,2,3.5,0.37,5
1985,2,8.0,1.51,1
1986,2,31.5,10.24,1
1987,2,7.0,1.4,2
1988,2,8.0,1.4,1
1989,1,9.5,2.3,1
1990,2,13.5,2.6,1
1991,2,10.0,2.13,3
1992,2,12.5,2.41,1
1993,2,9.5,2.57,2
1994,2,8.5,2.07,1
1995,2,20.0,6.83,1
1996,2,4.5,0.55,1
1997,2,8.5,1.28,1
1998,1,11.0,2.2,1
1999,2,6.0,1.29,1
2000,2,3.5,0.3,1
2001,2,6.0,1.14,1
2002,2,8.0,1.07,1
2003,2,13.0,3.11,1
2004,2,14.5,4.29,1
2005,2,3.5,0.49,1
2006,2,5.0,0.92,2
2007,2,7.5,1.62,1
2008,2,10.0,0.0,1
2009,2,8.0,1.94,1
2010,1,7.5,1.7,1
2011,2,11.0,2.65,1
2012,2,6.0,0.85,1
2013,2,7.5,1.6,1
2014,2,20.5,5.59,1
2015,2,18.5,5.14,1
2016,1,5.0,0.8,2
2017,2,20.0,3.85,1
2018,2,7.5,1.59,2
2019,2,12.0,3.26,1
2020,2,7.0,1.29,1
2021,2,6.0,1.08,5
2022,1,3.5,0.3,3
2023,2,7.0,0.88,1
2024,1,15.5,3.5,1
2025,2,15.0,4.12,1
2026,2,9.0,1.62,1
2027,2,7.5,1.44,1
2028,2,8.5,1.53,2
2029,2,3.0,0.24,1
2030,1,10.5,1.4,1
2031,2,10.5,2.87,5
2032,2,5.0,0.69,1
2033,2,5.0,0.68,1
2034,2,30.0,7.4,1
2035,2,5.0,0.65,1
2036,2,6.5,0.98,1
2037,2,13.5,2.99,1
2038,2,10.5,2.61,1
2039,2,6.5,1.01,1
2040,2,15.5,3.07,2
2041,2,9.0,1.31,1
2042,2,6.0,0.81,1
2043,2,6.5,0.88,1
2044,2,9.5,1.56,2
2045,1,10.5,2.7,1
2046,2,4.5,0.49,1
2047,2,9.0,1.3,1
2048,2,7.0,1.0,2
2049,2,9.0,1.85,1
2050,2,23.0,7.3,1
2051,2,21.0,5.34,1
2052,2,24.0,5.76,1
2053,1,4.0,0.6,1
2054,2,5.0,0.96,1
2055,2,23.5,6.81,1
2056,1,20.5,5.0,2
2057,1,7.0,0.8,1
2058,1,8.5,2.2,1
2059,2,8.0,1.93,1
2060,2,6.5,1.13,1
2061,1,11.0,1.9,2
2062,2,28.5,6.55,5
2063,2,25.5,7.63,1
2064,1,5.5,1.0,2
2065,1,4.5,0.7,1
2066,2,10.0,2.13,2
2067,2,15.5,3.97,1
2068,1,35.0,10.9,1
2069,2,26.5,6.47,1
2070,2,4.0,0.52,1
2071,2,15.5,3.77,5
2072,2,7.5,1.19,1
2073,2,6.0,1.02,6
2074,2,30.0,7.68,2
2075,1,18.5,4.2,1
2076,2,4.5,0.61,1
2077,2,6.5,1.24,1
2078,2,7.5,1.49,1
2079,1,14.0,3.1,1
2080,2,11.5,2.08,1
2081,1,7.5,1.5,2
2082,2,7.5,1.34,1
2083,2,8.0,1.61,1
2084,2,17.5,4.57,5
2085,1,9.0,1.5,2
2086,1,10.5,2.3,1
2087,2,8.0,1.56,1
2088,2,8.0,2.09,1
2089,2,6.0,1.03,1
2090,2,7.5,1.42,1
2091,2,4.0,0.62,1
2092,2,18.0,5.37,5
2093,1,12.5,3.0,1
2094,1,10.0,2.0,1
2095,2,9.0,1.76,1
2096,1,22.5,7.5,1
2097,2,14.0,2.18,1
2098,2,8.0,1.25,1
2099,2,5.5,1.21,1
2100,2,8.5,1.61,1
2101,2,10.5,2.05,1
2102,2,11.0,2.75,2
2103,2,5.5,0.98,1
2104,2,7.5,1.5,1
2105,2,6.5,1.51,1
2106,2,20.5,5.78,1
2107,2,18.5,3.89,1
2108,2,6.0,1.0,1
2109,1,7.0,1.2,1
2110,1,4.5,0.6,3
2111,2,7.0,1.26,1
2112,1,5.5,0.8,1
2113,1,12.0,2.8,1
2114,2,7.0,1.19,1
2115,2,14.0,3.85,1
2116,2,5.0,0.75,1
2117,2,6.5,0.71,1
2118,1,19.5,5.9,4
2119,1,18.5,4.2,1
2120,1,6.0,0.7,1
2121,2,5.0,0.82,1
2122,2,8.0,1.62,1
2123,2,13.0,2.41,1
2124,2,7.0,1.42,2
2125,1,11.5,2.1,1
2126,2,7.0,1.33,1
2127,2,11.5,2.52,1
2128,2,7.5,1.53,1
2129,1,15.0,3.4,2
2130,1,7.5,1.5,2
2131,2,9.0,2.0,1
2132,2,14.5,4.02,1
2133,2,15.0,3.51,1
2134,2,6.0,1.32,1
2135,2,6.0,0.95,1
2136,2,15.5,4.04,1
2137,2,14.5,2.86,1
2138,2,30.0,10.05,1
2139,2,17.0,3.6,1
2140,2,4.5,0.79,1
2141,2,6.0,1.25,1
2142,2,8.0,1.53,1
2143,2,5.0,1.01,1
2144,2,8.0,1.45,1
2145,2,12.0,2.76,1
2146,1,6.0,1.2,1
2147,1,16.5,4.5,1
2148,2,19.0,3.94,1
2149,2,7.0,0.7,1
2150,2,15.0,3.34,1
2151,2,35.0,9.8,1
2152,2,6.5,0.88,1
2153,1,8.5,1.9,1
2154,2,23.5,7.63,1
2155,2,7.5,1.3,1
2156,1,11.0,0.6,1
2157,2,9.5,2.25,1
2158,1,8.0,1.6,1
2159,2,6.5,1.23,1
2160,2,21.0,6.93,1
2161,2,6.0,1.08,1
2162,1,23.0,6.3,1
2163,2,23.0,7.5,1
2164,1,6.0,1.1,1
2165,2,17.5,4.73,1
2166,2,28.5,9.84,1
2167,1,4.5,0.6,1
2168,2,8.0,1.63,1
2169,1,16.0,2.1,1
2170,2,15.5,4.2,1
2171,2,11.5,2.98,1
2172,2,7.0,1.32,1
2173,2,2.5,0.07,2
2174,2,7.5,1.64,1
2175,2,8.0,1.56,1
2176,2,3.5,0.52,1
2177,2,12.5,3.12,1
2178,1,3.5,0.4,1
2179,2,7.5,1.64,1
2180,2,7.5,1.72,6
2181,2,15.5,4.24,1
2182,2,6.0,1.27,1
2183,2,7.5,0.9,1
2184,2,25.0,7.0,1
2185,2,5.5,0.93,5
2186,2,12.0,3.17,1
2187,1,4.5,0.7,1
2188,2,11.0,2.37,1
2189,2,4.5,0.63,1
2190,2,4.0,0.66,1
2191,2,23.5,8.22,1
2192,2,5.5,0.59,1
2193,2,11.0,3.42,1
2194,2,6.5,1.14,1
2195,2,6.0,1.21,1
2196,2,9.5,2.02,1
2197,1,8.5,1.2,1
2198,2,7.0,1.45,1
2199,2,19.5,5.65,2
2200,2,12.0,1.03,1
2201,1,8.5,1.4,1
2202,2,9.0,2.0,1
2203,2,19.5,5.6,1
2204,2,8.0,1.67,1
2205,2,8.5,2.19,2
2206,2,5.0,0.59,1
2207,2,24.0,8.13,1
2208,2,3.5,0.44,1
2209,2,9.0,1.75,1
2210,2,7.5,1.08,1
2211,2,21.5,6.03,1
2212,2,28.0,6.9,1
2213,2,18.5,4.89,1
2214,2,10.0,1.57,1
2215,2,8.0,1.53,1
2216,2,6.5,1.08,1
2217,2,19.0,4.4,1
2218,2,2.5,0.01,1
2219,2,11.0,2.26,1
2220,2,8.0,1.82,1
2221,2,7.0,1.39,1
2222,2,15.5,4.34,1
2223,2,9.0,1.45,1
2224,2,28.5,7.57,5
2225,2,24.0,6.31,1
2226,2,9.5,2.2,1
2227,2,5.0,0.96,1
2228,2,7.5,1.73,1
2229,2,3.5,0.34,1
2230,2,6.5,0.95,1
2231,2,12.5,3.25,5
2232,2,19.0,4.68,1
2233,2,8.0,1.22,1
2234,2,11.0,2.69,1
2235,2,7.5,1.84,1
2236,2,8.5,1.37,1
2237,1,10.0,2.0,1
2238,2,3.5,0.35,1
2239,2,6.5,1.03,1
2240,2,6.5,1.36,1
2241,2,24.0,4.55,1
2242,2,10.5,2.88,1
2243,1,5.5,0.6,1
2244,2,15.5,3.23,1
2245,1,3.0,0.0,1
2246,2,12.5,3.5,1
2247,2,6.5,1.23,1
2248,2,8.5,2.01,1
2249,1,3.5,0.5,1
2250,2,12.0,3.28,3
2251,2,7.0,1.56,1
2252,2,7.5,1.55,5
2253,2,7.0,0.0,1
2254,1,16.5,3.0,1
2255,2,5.5,0.97,1
2256,2,9.0,1.75,1
2257,2,4.5,0.59,1
2258,1,4.5,0.7,1
2259,2,15.0,4.46,5
2260,2,16.5,4.0,1
2261,1,15.0,3.9,1
2262,1,23.0,7.3,1
2263,2,7.0,1.34,1
2264,2,21.5,4.97,5
2265,2,5.5,0.93,1
2266,1,4.0,0.6,1
2267,2,24.0,5.58,6
2268,2,24.5,4.47,1
2269,2,10.0,3.06,1
2270,2,10.5,2.43,1
2271,2,18.0,5.88,1
2272,2,12.0,3.61,1
2273,1,8.0,1.6,1
2274,2,4.5,0.55,2
2275,1,20.5,5.0,1
2276,2,5.0,0.77,1
2277,2,11.0,2.31,1
2278,2,5.5,1.0,1
2279,2,20.0,4.97,1
2280,2,5.0,1.05,1
2281,2,4.5,0.79,1
2282,2,5.5,0.89,1
2283,2,23.0,6.76,1
2284,2,6.0,1.14,1
2285,1,12.5,2.6,1
2286,2,12.5,2.93,1
2287,2,7.5,1.53,1
2288,2,4.0,0.54,1
2289,2,17.0,4.86,1
2290,2,6.5,1.09,1
2291,2,21.0,3.75,1
2292,2,4.5,0.81,1
2293,1,0.0,0.4,2
2294,2,12.0,2.9,5
2295,2,4.5,0.49,1
2296,1,21.5,4.1,2
2297,1,15.0,7.6,1
2298,2,8.0,1.18,1
2299,2,24.0,8.1,1
2300,2,21.0,7.1,1
2301,1,15.0,2.9,1
2302,2,4.5,0.68,1
2303,1,24.5,7.2,2
2304,2,22.5,6.79,1
2305,2,16.0,3.68,2
2306,2,13.5,4.07,1
2307,2,6.5,1.27,1
2308,2,9.0,1.63,1
2309,1,11.0,2.6,1
2310,2,8.0,1.72,1
2311,2,11.0,2.33,1
2312,2,5.5,1.0,1
2313,2,6.5,1.19,1
2314,1,5.0,0.6,1
2315,2,30.5,8.53,1
2316,2,-3.0,0.03,2
2317,2,5.5,0.82,1
2318,2,4.0,0.47,1
2319,1,9.5,2.1,1
2320,2,17.0,5.16,1
2321,2,12.0,2.7,1
2322,1,15.0,4.2,1
2323,2,21.5,4.3,1
2324,2,5.5,0.65,1
2325,2,13.0,2.61,1
2326,2,27.5,8.54,1
2327,2,10.0,2.06,1
2328,1,14.0,3.5,1
2329,2,4.5,0.88,6
2330,2,9.5,2.01,1
2331,2,10.5,2.05,1
2332,2,5.5,1.12,1
2333,2,11.0,2.11,6
2334,2,12.0,2.66,1
2335,2,27.5,9.68,1
2336,2,11.0,2.48,1
2337,1,13.0,2.8,1
2338,2,25.5,6.71,1
2339,2,17.0,4.26,1
2340,2,4.0,0.39,1
2341,2,6.5,1.2,1
2342,1,22.5,6.9,1
2343,2,8.0,1.47,1
2344,1,11.5,2.7,1
2345,2,6.0,1.45,1
2346,2,6.0,0.71,1
2347,1,10.5,2.4,1
2348,2,25.0,0.0,1
2349,1,9.0,1.8,1
2350,1,5.0,0.6,1
2351,1,11.5,2.6,1
2352,2,6.0,0.95,1
2353,1,20.0,4.6,2
2354,2,7.5,1.71,1
2355,2,14.0,4.4,1
2356,2,19.0,4.37,2
2357,2,4.0,0.46,1
2358,1,6.0,1.1,2
2359,1,22.5,7.2,1
2360,2,6.0,0.82,1
2361,1,7.0,1.3,1
2362,2,14.0,3.29,1
2363,2,9.5,0.86,1
2364,2,19.5,6.41,1
2365,2,7.0,1.27,2
2366,2,23.5,5.92,1
2367,2,9.0,1.9,1
2368,2,9.0,1.62,1
2369,2,23.0,7.81,5
2370,2,7.0,1.25,1
2371,2,3.0,0.14,1
2372,2,9.0,1.98,1
2373,2,22.5,6.16,1
2374,2,6.5,1.02,1
2375,2,14.0,3.89,1
2376,2,9.0,1.12,1
2377,2,4.5,0.4,1
2378,1,15.5,4.3,1
2379,2,12.0,2.61,6
2380,2,7.5,1.36,1
2381,2,4.5,0.41,1
2382,2,5.0,0.74,2
2383,2,17.5,4.97,1
2384,2,7.0,1.36,1
2385,1,13.5,3.5,1
2386,2,15.5,2.44,1
2387,2,8.5,2.21,5
2388,2,14.0,3.69,1
2389,2,10.0,2.05,1
2390,1,0.0,4.0,1
2391,1,20.5,6.6,1
2392,1,7.5,2.1,1
2393,2,9.5,2.38,1
2394,2,8.0,1.53,1
2395,2,48.5,13.3,5
2396,2,10.0,2.16,1
2397,2,10.5,2.68,1
2398,2,4.5,0.67,1
2399,1,13.0,3.5,2
2400,2,30.5,8.25,1
2401,2,6.5,1.21,1
2402,2,14.0,2.66,4
2403,2,7.0,0.0,1
2404,2,6.5,0.93,1
2405,2,6.0,1.02,1
2406,1,10.0,2.1,1
2407,2,6.5,1.08,5
2408,1,6.5,1.1,1
2409,2,3.5,0.36,1
2410,2,8.0,1.66,1
2411,2,5.5,0.79,1
2412,2,7.5,1.2,1
2413,1,13.0,2.8,2
2414,1,8.5,1.0,1
2415,1,8.0,1.5,1
2416,2,7.0,0.0,1
2417,2,7.5,1.64,1
2418,2,4.0,0.45,1
2419,2,6.0,1.31,1
2420,2,-5.5,0.76,1
2421,2,8.0,1.67,1
2422,1,7.5,1.5,1
2423,2,15.0,4.73,1
2424,2,11.5,1.35,2
2425,1,6.5,1.2,1
2426,2,10.0,1.98,1
2427,2,8.5,1.87,2
2428,2,12.5,2.92,1
2429,2,5.5,0.91,1
2430,1,6.5,1.2,2
2431,2,6.5,1.15,1
2432,2,6.5,1.17,2
2433,1,7.0,0.9,1
2434,2,8.5,0.86,1
2435,2,5.5,1.02,1
2436,2,45.0,5.33,4
2437,2,10.5,1.9,1
2438,2,7.0,1.21,1
2439,2,8.0,1.39,1
2440,2,5.0,16.26,1
2441,2,9.0,2.07,1
2442,1,6.0,1.0,1
2443,2,8.5,1.8,1
2444,2,11.0,1.91,1
2445,2,7.0,1.36,1
2446,1,4.0,0.5,1
2447,2,17.0,5.19,1
2448,2,3.5,0.35,1
2449,2,5.5,0.76,6
2450,1,23.0,5.3,1
2451,2,17.0,4.04,1
2452,1,6.5,1.2,1
2453,2,13.0,2.98,1
2454,2,2.5,0.05,1
2455,2,14.5,3.74,1
2456,2,9.0,2.36,1
2457,1,20.5,5.6,1
2458,1,2.5,2.7,1
2459,2,16.5,3.22,1
2460,2,11.5,2.22,1
2461,2,9.0,1.71,1
2462,2,7.0,1.13,6
2463,2,6.0,1.29,1
2464,1,10.5,2.7,5
2465,2,4.5,0.62,1
2466,2,17.5,5.07,1
2467,2,23.0,5.15,1
2468,2,33.5,11.73,1
2469,1,7.0,1.8,1
2470,1,4.0,0.6,1
2471,2,4.5,0.77,1
2472,2,6.0,0.98,1
2473,2,14.0,3.08,1
2474,2,5.5,0.7,1
2475,2,6.5,0.0,1
2476,2,10.0,2.1,1
2477,1,15.5,4.3,1
2478,1,5.0,0.8,1
2479,1,9.5,2.2,2
2480,1,18.5,4.2,2
2481,2,26.0,5.34,1
2482,2,7.0,1.91,1
2483,2,11.0,1.41,1
2484,2,5.0,0.89,1
2485,2,6.0,1.3,1
2486,2,7.5,1.21,5
2487,2,10.5,2.62,1
2488,2,15.5,2.31,5
2489,2,11.0,2.46,1
2490,1,9.0,2.0,1
2491,2,18.0,4.88,1
2492,1,4.0,0.0,1
2493,1,7.5,1.4,1
2494,2,3.0,0.21,1
2495,2,12.5,2.06,2
2496,2,16.0,4.12,1
2497,2,16.0,4.23,2
2498,2,16.5,3.86,3
2499,2,4.5,0.63,1
2500,2,12.5,3.23,1
2501,2,20.5,5.98,1
2502,2,8.0,1.96,1
2503,1,5.5,0.0,2
2504,2,31.0,10.37,1
2505,2,24.0,8.17,1
2506,2,4.0,0.46,1
2507,2,9.5,2.16,2
2508,2,8.5,1.35,1
2509,2,15.5,3.63,1
2510,2,7.5,1.49,1
2511,2,6.0,1.05,1
2512,2,22.5,6.49,1
2513,2,4.5,0.73,1
2514,2,7.0,1.06,1
2515,2,7.5,1.68,1
2516,2,22.0,5.85,1
2517,2,8.5,1.63,1
2518,1,14.0,3.3,1
2519,2,11.5,2.82,1
2520,2,12.5,1.93,1
2521,1,9.5,2.2,1
2522,1,11.5,3.0,1
2523,2,14.0,3.37,1
2524,2,19.5,3.17,1
2525,2,3.0,0.34,1
2526,2,8.0,1.48,1
2527,2,24.0,7.16,6
2528,2,16.0,3.59,1
2529,1,10.0,1.3,1
2530,1,16.5,4.2,1
2531,1,7.5,1.3,1
2532,2,19.0,5.21,2
2533,2,-5.5,0.76,1
2534,2,8.5,1.68,1
2535,2,9.0,2.01,1
2536,2,14.0,3.53,1
2537,2,6.0,1.04,1
2538,2,7.0,0.88,1
2539,2,6.5,1.5,1
2540,2,5.0,0.72,1
2541,2,8.0,0.65,1
2542,2,10.0,2.25,1
2543,2,8.0,1.72,1
2544,2,9.5,2.03,1
2545,2,16.5,3.76,1
2546,2,5.5,0.0,1
2547,2,5.0,0.79,1
2548,2,8.0,1.92,1
2549,1,8.5,1.4,1
2550,1,4.0,0.5,1
2551,2,8.5,1.69,1
2552,2,24.5,8.27,5
2553,2,8.0,1.49,1
2554,1,4.5,0.6,1
2555,2,4.5,0.56,1
2556,2,11.5,2.01,1
2557,2,9.0,1.81,1
2558,2,14.0,3.19,1
2559,2,9.0,1.56,1
2560,2,7.5,1.81,1
2561,2,8.0,1.26,1
2562,2,5.0,0.67,1
2563,2,19.5,5.55,1
2564,2,7.0,1.09,1
2565,2,5.0,0.76,1
2566,2,5.0,0.66,1
2567,2,8.0,1.43,1
2568,1,20.0,5.6,1
2569,2,5.5,0.85,2
2570,2,29.0,9.18,1
2571,2,7.5,1.2,1
2572,2,9.5,2.2,1
2573,2,9.5,2.57,1
2574,2,4.0,0.42,1
2575,2,31.0,9.19,1
2576,2,8.5,2.11,1
2577,2,9.0,2.1,2
2578,2,12.5,3.27,1
2579,1,4.0,0.5,1
2580,2,9.5,1.74,2
2581,2,10.5,2.39,1
2582,1,11.0,2.2,1
2583,2,11.5,2.14,1
2584,1,17.0,4.9,1
2585,2,6.5,1.06,1
2586,2,5.0,0.82,2
2587,2,15.0,5.05,1
2588,2,9.0,2.27,1
2589,2,6.0,0.92,1
2590,2,6.5,1.0,1
2591,2,8.5,1.22,1
2592,2,4.5,0.63,6
2593,2,8.0,1.22,1
2594,2,7.0,1.57,1
2595,2,7.5,1.55,1
2596,2,35.5,12.17,1
2597,2,12.0,2.61,1
2598,2,15.0,3.12,2
2599,1,4.5,0.9,1
2600,2,4.5,0.57,1
2601,2,5.0,0.72,1
2602,2,5.5,1.1,5
2603,2,7.0,1.27,1
2604,2,6.0,1.23,1
2605,1,34.0,10.7,1
2606,2,28.5,8.23,1
2607,2,7.5,1.37,5
2608,2,13.5,3.38,1
2609,2,27.0,7.93,1
2610,2,7.5,1.68,1
2611,2,16.0,4.16,1
2612,2,20.0,6.19,2
2613,1,12.0,3.2,1
2614,2,29.0,7.69,1
2615,2,12.5,2.66,1
2616,2,4.5,0.81,1
2617,2,15.5,4.38,1
2618,2,6.5,1.47,1
2619,2,46.0,15.17,3
2620,2,19.5,4.01,1
2621,2,15.5,4.59,1
2622,2,4.0,0.65,1
2623,1,6.5,1.1,1
2624,2,7.0,0.66,1
2625,2,6.0,0.97,1
2626,2,11.0,3.02,3
2627,1,7.0,1.3,1
2628,2,10.0,2.31,1
2629,2,6.0,1.0,1
2630,2,36.0,10.55,1
2631,2,2.5,0.01,1
2632,1,5.0,0.7,1
2633,2,6.5,1.12,6
2634,2,65.0,0.0,1
2635,2,20.5,5.66,1
2636,2,4.5,0.76,1
2637,2,9.0,2.24,1
2638,2,6.0,0.84,1
2639,2,5.5,0.86,5
2640,2,17.5,4.44,3
2641,1,6.5,1.0,1
2642,1,39.0,9.3,1
2643,2,15.5,3.83,1
2644,2,6.0,1.03,1
2645,2,15.0,4.67,2
2646,2,32.5,8.18,1
2647,2,24.0,3.76,1
2648,2,24.0,7.45,1
2649,2,7.0,1.37,1
2650,2,12.0,2.74,1
2651,2,30.5,9.56,1
2652,2,6.0,1.14,1
2653,2,36.0,8.09,1
2654,2,11.5,3.15,1
2655,2,7.0,0.8,1
2656,2,10.0,2.4,1
2657,1,4.5,0.5,1
2658,2,12.5,3.27,1
2659,1,5.5,0.7,1
2660,2,13.5,3.57,1
2661,1,14.0,2.1,1
2662,2,5.5,0.85,5
2663,2,7.0,1.22,1
2664,2,4.5,0.87,1
2665,2,5.0,0.65,2
2666,2,5.5,0.9,1
2667,1,11.0,3.1,2
2668,2,10.0,2.07,1
2669,2,10.5,2.22,1
2670,2,4.5,0.61,1
2671,2,4.5,0.78,1
2672,2,6.0,1.0,1
2673,2,8.5,2.21,1
2674,2,11.0,2.35,5
2675,2,15.5,4.16,1
2676,1,15.5,4.2,1
2677,2,20.0,5.9,1
2678,2,9.0,2.0,1
2679,2,11.5,3.43,1
2680,2,8.0,1.6,2
2681,2,76.5,2.05,1
2682,2,21.5,5.55,1
2683,2,17.5,3.76,1
2684,2,15.0,3.32,1
2685,2,5.0,0.92,2
2686,2,10.5,1.9,1
2687,1,4.5,0.6,1
2688,1,7.0,0.9,1
2689,2,15.0,3.45,1
2690,2,13.0,2.94,1
2691,2,15.0,3.43,1
2692,2,6.0,1.21,1
2693,2,7.0,1.01,1
2694,2,9.0,1.69,1
2695,2,12.0,3.2,1
2696,2,11.5,2.32,1
2697,2,17.0,5.66,1
2698,2,31.5,10.88,1
2699,2,14.5,4.3,1
2700,2,4.5,0.63,1
2701,1,9.5,1.9,1
2702,2,4.0,0.47,1
2703,2,14.5,3.47,1
2704,2,15.0,4.14,1
2705,2,8.0,1.06,1
2706,2,7.0,1.16,3
2707,2,3.0,0.27,1
2708,2,12.5,2.6,1
2709,1,23.5,6.5,1
2710,1,9.0,1.9,3
2711,2,5.5,0.74,3
2712,1,8.5,1.6,1
2713,2,30.0,0.06,1
2714,2,13.0,3.6,1
2715,1,5.5,0.7,1
2716,2,9.5,2.7,1
2717,2,5.5,0.86,1
2718,2,9.5,1.56,1
2719,2,8.5,1.64,3
2720,1,8.5,2.0,1
2721,1,9.5,1.4,2
2722,2,2.5,0.0,1
2723,2,5.5,0.43,1
2724,1,8.0,1.6,1
2725,2,26.5,8.65,5
2726,2,8.0,1.38,1
2727,2,11.5,2.52,1
2728,2,15.0,3.25,1
2729,2,17.0,4.77,1
2730,1,507.0,83.1,1
2731,2,11.0,2.5,1
2732,1,10.5,3.0,2
2733,2,17.5,4.83,5
2734,2,26.0,8.77,1
2735,2,7.5,1.1,1
2736,2,7.0,1.18,1
2737,2,6.5,1.06,1
2738,1,7.5,1.0,1
2739,2,7.0,1.2,1
2740,2,6.0,1.4,1
2741,2,9.0,1.81,1
2742,2,10.5,2.64,1
2743,2,5.0,0.89,1
2744,2,10.0,2.16,3
2745,2,19.5,5.15,1
2746,2,28.0,8.88,1
2747,1,7.5,1.3,1
2748,2,6.0,1.2,1
2749,2,65.5,24.16,1
2750,2,8.0,1.21,1
2751,2,6.0,1.11,5
2752,1,11.0,3.0,1
2753,2,14.5,2.74,1
2754,2,33.0,9.57,2
2755,2,11.0,2.66,1
2756,2,13.5,3.96,2
2757,2,4.5,0.52,1
2758,2,7.5,1.09,1
2759,2,10.0,2.39,5
2760,2,23.5,7.49,1
2761,1,21.0,6.3,1
2762,1,11.0,2.5,2
2763,2,6.5,1.24,3
2764,1,8.0,1.7,1
2765,1,4.0,0.6,1
2766,1,8.0,1.3,1
2767,2,8.0,1.44,1
2768,1,7.5,1.4,1
2769,2,34.5,12.3,1
2770,2,5.0,0.78,1
2771,2,11.5,2.72,1
2772,2,5.5,0.92,1
2773,1,19.5,6.4,1
2774,2,10.5,2.64,1
2775,1,12.0,2.2,3
2776,2,9.0,1.71,1
2777,2,5.5,1.13,1
2778,1,0.0,1.5,1
2779,2,6.0,1.08,1
2780,2,5.5,1.07,1
2781,2,34.5,8.19,5
2782,2,9.0,2.39,1
2783,2,10.0,2.17,1
2784,2,20.0,3.82,1
2785,2,28.5,8.42,1
2786,2,11.5,3.08,1
2787,2,7.5,1.41,1
2788,2,5.0,1.14,1
2789,2,9.5,2.18,1
2790,1,6.0,1.0,1
2791,2,4.0,0.32,5
2792,2,4.0,0.49,1
2793,2,4.5,0.74,1
2794,2,5.0,0.69,1
2795,2,6.5,0.79,5
2796,2,5.0,0.72,1
2797,2,4.5,0.68,1
2798,1,8.0,1.8,2
2799,2,15.0,3.52,1
2800,2,8.5,1.81,1
2801,2,17.5,2.68,1
2802,1,8.5,1.5,1
2803,2,4.0,0.4,6
2804,2,6.5,1.2,1
2805,1,4.0,0.5,2
2806,2,11.5,2.39,1
2807,2,6.5,0.63,6
2808,2,10.5,2.29,1
2809,2,11.0,2.6,1
2810,2,11.5,2.69,1
2811,1,6.0,1.0,2
2812,2,7.0,1.42,1
2813,2,7.5,1.5,1
2814,2,21.5,5.94,1
2815,1,6.5,0.9,1
2816,2,8.0,1.76,1
2817,2,41.5,12.87,1
2818,2,11.5,2.51,1
2819,2,12.0,2.9,5
2820,2,11.0,2.77,1
2821,2,4.0,0.71,1
2822,2,16.0,3.1,1
2823,1,16.0,4.3,1
2824,1,12.5,2.9,1
2825,2,5.5,0.84,1
2826,2,25.5,7.09,1
2827,2,6.5,1.04,5
2828,2,7.5,1.3,2
2829,1,20.0,5.4,1
2830,1,5.0,1.0,1
2831,2,15.5,3.0,1
2832,2,4.0,0.47,1
2833,2,7.5,0.97,1
2834,1,5.0,0.6,1
2835,2,22.0,4.78,1
2836,1,4.5,0.6,1
2837,2,12.5,3.34,1
2838,1,16.5,3.9,1
2839,2,7.0,1.3,1
2840,2,33.5,10.29,1
2841,2,7.5,1.58,1
2842,2,7.5,1.45,1
2843,2,8.0,1.54,4
2844,1,4.0,0.5,1
2845,1,16.0,2.6,1
2846,2,3.5,0.42,1
2847,2,6.0,0.56,1
2848,2,10.0,2.07,2
2849,2,7.5,1.68,1
2850,2,6.0,1.26,2
2851,2,20.5,6.96,6
2852,2,11.5,2.93,1
2853,2,10.5,1.88,1
2854,1,8.0,1.3,1
2855,2,6.5,1.34,2
2856,2,5.0,0.74,1
2857,2,3.0,0.25,1
2858,1,6.5,1.2,1
2859,2,13.0,3.54,1
2860,2,12.5,3.21,1
2861,1,5.0,0.6,1
2862,2,8.0,1.23,1
2863,2,14.0,2.7,1
2864,2,8.0,1.59,2
2865,2,3.5,0.41,1
2866,2,4.0,0.39,1
2867,2,5.0,1.02,1
2868,2,53.0,0.0,1
2869,2,21.0,6.35,2
2870,2,6.5,1.2,3
2871,2,35.0,11.22,1
2872,1,20.5,5.7,2
2873,1,14.5,4.6,3
2874,1,5.0,0.6,1
2875,2,11.0,3.01,1
2876,1,6.5,1.1,1
2877,2,20.5,5.82,1
2878,2,5.5,0.64,2
2879,2,16.5,3.59,1
2880,1,7.5,1.8,1
2881,2,7.5,1.53,1
2882,2,7.5,1.62,1
2883,2,17.0,4.16,1
2884,2,2.5,0.0,1
2885,2,5.5,1.01,1
2886,1,11.5,1.3,1
2887,2,28.0,7.89,1
2888,2,7.5,1.14,1
2889,2,10.5,2.25,1
2890,2,21.5,5.66,1
2891,2,4.0,0.46,1
2892,2,11.0,2.63,1
2893,1,12.5,3.1,1
2894,2,12.5,2.84,1
2895,2,33.0,9.55,1
2896,2,12.5,1.95,1
2897,2,13.5,2.64,1
2898,2,5.0,0.64,1
2899,2,11.5,2.81,1
2900,2,13.0,2.65,1
2901,1,4.5,0.7,1
2902,1,8.5,1.4,1
2903,1,33.0,9.7,1
2904,2,6.5,1.61,1
2905,2,4.5,0.73,2
2906,1,0.0,0.0,1
2907,2,18.5,5.65,1
2908,1,7.0,0.8,1
2909,2,6.5,1.27,1
2910,1,24.0,5.1,1
2911,2,9.5,1.55,1
2912,2,4.5,0.69,1
2913,2,7.0,1.4,1
2914,2,4.0,0.6,2
2915,2,7.0,1.49,1
2916,2,5.5,0.86,1
2917,2,6.0,0.93,2
2918,2,6.5,0.93,1
2919,2,9.5,2.27,1
2920,2,7.0,1.21,1
2921,2,6.5,1.48,1
2922,2,22.5,7.43,1
2923,2,6.0,1.4,1
2924,2,6.0,1.28,5
2925,1,4.0,0.7,1
2926,2,4.0,0.61,1
2927,1,13.0,3.4,4
2928,1,21.0,5.0,1
2929,1,10.5,2.2,3
2930,2,10.0,2.28,1
2931,2,6.5,1.15,2
2932,2,19.5,2.49,1
2933,2,8.5,1.06,1
2934,2,4.5,0.67,1
2935,2,5.0,0.66,1
2936,2,14.0,3.53,2
2937,2,18.5,4.51,1
2938,2,19.0,4.57,2
2939,2,14.0,3.33,1
2940,2,13.5,3.74,1
2941,2,4.5,0.64,1
2942,2,7.5,1.67,1
2943,2,11.0,2.58,1
2944,2,8.5,1.95,1
2945,2,13.0,2.73,3
2946,1,2.5,0.0,1
2947,2,7.0,1.29,1
2948,2,8.5,0.88,1
2949,2,11.5,2.88,1
2950,1,12.0,3.1,1
2951,1,69.5,26.5,1
2952,2,11.5,2.81,1
2953,2,6.5,1.3,1
2954,1,7.0,1.7,1
2955,2,17.0,3.56,1
2956,2,8.0,1.62,1
2957,2,7.5,1.69,1
2958,2,10.0,1.46,1
2959,1,4.5,0.5,2
2960,2,23.0,6.4,1
2961,2,8.0,1.07,1
2962,2,9.5,2.01,1
2963,2,15.0,3.83,1
2964,2,12.0,3.6,1
2965,2,27.5,9.18,1
2966,2,6.5,1.28,1
2967,2,5.5,0.9,1
2968,2,6.0,1.22,1
2969,2,15.0,3.42,1
2970,2,17.5,4.54,1
2971,1,23.5,5.8,1
2972,2,12.0,2.27,1
2973,2,5.0,0.75,1
2974,2,13.5,2.33,1
2975,2,7.0,1.2,1
2976,2,5.0,0.6,1
2977,2,15.5,3.54,1
2978,2,4.5,0.77,1
2979,2,5.5,0.84,1
2980,2,9.0,0.0,1
2981,2,7.0,1.33,1
2982,1,9.0,1.7,1
2983,1,4.0,0.5,1
2984,2,5.5,0.56,1
2985,2,9.0,1.61,6
2986,2,29.5,7.25,5
2987,2,7.0,0.06,1
2988,2,11.5,3.51,1
2989,2,10.0,0.57,1
2990,2,10.5,1.84,1
2991,2,6.5,1.18,1
2992,2,6.5,1.32,1
2993,2,24.5,3.78,1
2994,2,10.0,0.0,1
2995,2,6.0,0.91,1
2996,2,11.5,1.97,1
2997,2,13.5,3.04,1
2998,2,6.0,1.05,1
2999,2,7.5,1.39,1
3000,2,18.0,5.22,1
3001,1,12.0,2.0,1
3002,2,10.0,2.02,1
3003,2,27.5,7.29,1
3004,1,12.0,3.3,1
3005,2,10.5,2.16,1
3006,2,17.0,3.65,1
3007,2,3.0,0.02,1
3008,2,14.0,3.28,1
3009,2,13.5,3.69,1
3010,2,5.5,0.98,1
3011,2,9.0,1.3,1
3012,1,6.5,1.5,1
3013,2,15.0,3.43,1
3014,1,11.5,1.4,1
3015,2,10.5,1.84,1
3016,1,29.0,10.0,1
3017,2,6.0,0.84,2
3018,2,5.0,1.06,1
3019,2,10.0,0.96,1
3020,2,7.5,1.33,1
3021,2,7.0,1.29,1
3022,2,14.0,3.5,1
3023,2,5.0,0.73,1
3024,2,7.0,1.42,1
3025,2,6.5,1.2,2
3026,2,13.5,3.59,1
3027,2,7.0,1.02,1
3028,2,8.0,2.04,2
3029,2,19.0,6.01,1
3030,2,24.0,7.44,1
3031,1,0.0,0.3,2
3032,1,9.0,1.7,2
3033,1,9.0,1.8,1
3034,2,41.0,14.91,1
3035,2,5.0,0.81,1
3036,1,39.0,12.6,2
3037,2,3.5,0.39,2
3038,1,8.0,1.4,1
3039,2,15.0,4.41,1
3040,2,8.5,1.89,1
3041,1,6.0,1.0,1
3042,2,8.5,1.86,1
3043,2,2.5,0.0,1
3044,2,16.0,3.85,1
3045,2,10.5,2.14,3
3046,2,4.5,0.75,1
3047,2,19.5,6.71,2
3048,1,6.5,1.1,1
3049,2,10.0,2.66,1
3050,2,29.0,10.16,1
3051,2,17.0,5.36,1
3052,1,18.5,5.0,1
3053,2,13.0,3.5,1
3054,2,5.0,0.83,1
3055,2,8.0,1.6,5
3056,2,9.0,1.71,1
3057,2,8.0,1.51,1
3058,2,10.5,2.37,1
3059,1,7.0,1.5,1
3060,1,8.5,1.7,1
3061,1,12.5,3.0,1
3062,2,4.0,0.08,1
3063,1,8.0,1.7,2
3064,2,4.0,0.43,1
3065,2,11.0,2.75,1
3066,2,4.5,0.61,1
3067,2,13.5,2.74,1
3068,2,25.0,5.21,1
3069,1,11.5,2.5,1
3070,2,11.0,2.26,1
3071,1,12.5,2.9,1
3072,2,22.0,7.01,1
3073,2,5.5,1.13,2
3074,1,17.0,4.4,1
3075,2,4.0,0.55,1
3076,2,5.5,0.87,1
3077,2,6.5,1.33,1
3078,1,10.5,3.2,1
3079,2,5.5,0.91,1
3080,2,18.0,4.37,1
3081,2,15.0,4.2,1
3082,2,7.5,1.71,1
3083,2,5.5,0.85,3
3084,1,7.0,1.5,1
3085,1,7.5,1.1,1
3086,2,9.5,1.68,5
3087,2,6.5,1.44,1
3088,1,6.5,1.2,1
3089,2,19.5,5.96,1
3090,2,15.0,3.94,1
3091,1,5.5,0.7,1
3092,2,11.0,1.79,2
3093,2,9.5,2.14,1
3094,2,5.5,0.89,1
3095,2,6.5,1.2,1
3096,1,6.0,1.0,1
3097,1,13.5,3.4,1
3098,2,7.5,1.64,1
3099,2,14.5,3.72,1
3100,2,20.5,6.9,1
3101,1,11.0,2.7,1
3102,2,7.0,0.9,1
3103,2,22.5,5.96,1
3104,2,14.0,2.81,1
3105,2,15.0,3.12,1
3106,2,31.0,9.58,2
3107,1,16.0,4.3,1
3108,2,11.0,2.84,1
3109,2,8.0,1.56,1
3110,2,26.0,7.15,1
3111,1,10.5,1.6,1
3112,1,10.5,2.2,1
3113,2,37.0,11.31,1
3114,2,8.5,2.18,1
3115,2,6.5,1.14,1
3116,2,6.5,1.03,2
3117,2,32.0,10.3,1
3118,2,10.0,1.97,2
3119,2,22.5,6.12,1
3120,2,10.0,2.77,1
3121,1,4.0,0.4,1
3122,2,7.5,2.02,1
3123,2,6.5,1.13,1
3124,2,16.5,3.97,1
3125,2,3.5,0.43,6
3126,2,8.0,1.54,5
3127,1,4.5,0.6,2
3128,2,6.5,1.21,1
3129,2,4.5,0.68,1
3130,1,16.0,2.3,1
3131,1,6.5,1.2,1
3132,2,19.5,4.2,2
3133,2,6.0,1.06,1
3134,2,5.0,0.78,1
3135,2,10.5,2.47,1
3136,2,10.0,2.7,1
3137,2,9.0,1.92,2
3138,2,7.0,1.44,1
3139,2,30.0,10.31,1
3140,2,5.0,0.6,1
3141,2,6.5,1.11,1
3142,1,17.5,5.4,1
3143,2,16.5,5.09,5
3144,1,14.0,3.0,1
3145,2,11.0,3.24,5
3146,2,5.0,0.86,1
3147,2,10.5,2.62,1
3148,2,10.5,2.32,1
3149,1,5.5,1.0,3
3150,1,5.0,0.8,1
3151,2,39.5,12.14,1
3152,2,15.0,4.68,3
3153,1,38.5,12.4,1
3154,2,16.0,2.51,1
3155,2,5.5,0.9,3
3156,2,3.5,0.36,1
3157,2,7.5,1.79,1
3158,2,26.5,8.96,6
3159,2,9.0,1.8,1
3160,2,6.0,1.22,1
3161,2,10.0,2.13,1
3162,2,12.5,3.14,1
3163,2,10.0,2.13,1
3164,2,16.0,4.45,2
3165,2,17.5,4.48,1
3166,2,25.0,7.57,3
3167,2,7.5,1.26,1
3168,2,12.0,2.67,1
3169,1,17.5,5.6,1
3170,1,14.0,3.4,1
3171,1,6.0,1.1,1
3172,2,16.0,2.42,5
3173,1,10.5,1.9,1
3174,1,3.5,0.4,1
3175,2,12.0,2.91,1
3176,1,7.0,1.3,2
3177,2,4.0,0.44,1
3178,1,5.5,1.1,3
3179,2,7.5,1.53,1
3180,2,6.0,0.96,1
3181,2,13.0,3.55,1
3182,1,15.0,0.0,1
3183,1,6.0,0.7,1
3184,2,9.5,1.9,1
3185,2,5.5,0.7,2
3186,2,7.0,1.72,1
3187,2,11.0,2.97,1
3188,1,6.5,1.4,1
3189,2,18.0,4.56,1
3190,2,11.5,2.37,3
3191,2,9.5,2.06,6
3192,2,20.5,4.3,1
3193,2,29.5,9.83,1
3194,2,8.0,1.6,1
3195,2,5.5,0.81,1
3196,2,7.0,1.27,1
3197,2,13.5,3.49,1
3198,2,9.0,1.86,1
3199,2,5.0,0.0,0
3200,1,4.5,0.7,1
3201,1,6.0,0.9,2
3202,2,48.5,14.61,1
3203,2,9.0,0.66,1
3204,2,22.0,5.08,1
3205,2,8.0,0.88,1
3206,2,18.5,5.37,1
3207,2,26.0,5.43,1
3208,2,6.5,1.06,1
3209,2,10.5,1.56,1
3210,1,17.5,4.7,4
3211,2,11.5,2.3,1
3212,2,12.0,2.75,1
3213,2,3.5,0.33,1
3214,2,9.0,1.73,1
3215,2,5.5,1.18,1
3216,1,3.5,0.4,1
3217,2,19.5,5.47,1
3218,2,5.0,0.54,1
3219,2,37.0,11.79,1
3220,2,4.5,0.58,1
3221,2,37.5,12.41,1
3222,2,7.5,1.21,1
3223,2,16.5,4.4,1
3224,2,7.5,1.56,1
3225,1,8.5,1.7,1
3226,2,23.5,7.07,1
3227,2,6.5,1.17,1
3228,2,5.5,0.95,1
3229,2,4.5,0.65,1
3230,1,12.5,2.6,4
3231,2,4.5,0.66,1
3232,2,9.5,1.39,1
3233,2,12.0,3.11,1
3234,2,10.0,1.85,1
3235,2,6.5,1.12,2
3236,2,9.0,1.33,2
3237,1,44.5,13.4,1
3238,2,9.0,2.31,1
3239,2,7.0,1.44,1
3240,1,11.5,3.4,1
3241,2,6.0,1.14,2
3242,1,4.5,0.6,1
3243,2,8.0,1.76,1
3244,2,16.0,4.02,1
3245,2,5.5,0.8,1
3246,2,6.0,0.91,1
3247,2,30.5,10.65,1
3248,2,11.0,1.91,1
3249,2,5.5,0.94,1
3250,2,14.5,4.65,1
3251,2,5.5,0.96,2
3252,2,5.5,0.73,2
3253,2,8.0,1.65,1
3254,2,19.0,6.57,1
3255,2,4.5,0.6,1
3256,2,14.5,3.12,1
3257,2,7.0,1.14,1
3258,2,3.5,0.2,1
3259,2,18.0,5.58,1
3260,2,8.5,1.84,1
3261,2,9.5,1.22,1
3262,2,7.0,1.07,2
3263,2,4.5,0.68,1
3264,2,9.0,1.95,2
3265,2,9.0,1.86,1
3266,2,25.0,8.39,1
3267,1,7.0,1.3,1
3268,1,15.0,3.1,1
3269,2,20.0,5.65,1
3270,1,15.0,3.2,1
3271,2,3.5,0.38,1
3272,2,8.0,1.41,2
3273,2,15.5,4.49,1
3274,2,9.5,1.78,1
3275,2,16.0,4.87,1
3276,2,5.5,0.7,1
3277,2,4.5,0.63,5
3278,1,8.5,1.7,1
3279,2,20.0,6.02,1
3280,2,7.5,1.77,1
3281,2,7.0,1.3,1
3282,2,7.0,1.36,4
3283,2,7.0,1.04,1
3284,2,8.5,1.39,2
3285,2,14.0,3.03,1
3286,2,23.0,4.43,6
3287,2,35.5,7.05,1
3288,2,17.0,4.24,1
3289,2,10.0,2.39,5
3290,2,18.5,4.67,1
3291,2,21.0,6.35,1
3292,2,12.0,2.73,1
3293,1,13.0,3.1,2
3294,2,10.5,2.36,1
3295,2,-2.5,0.17,1
3296,1,5.5,1.0,2
3297,2,5.0,0.95,1
3298,2,4.0,0.45,1
3299,2,13.5,3.4,1
3300,1,26.0,8.8,1
3301,2,25.0,5.87,1
3302,2,5.0,0.89,1
3303,2,7.5,1.54,5
3304,2,11.0,2.66,1
3305,2,14.5,4.3,1
3306,1,22.0,4.5,2
3307,2,8.0,1.58,1
3308,2,13.5,3.66,1
3309,2,6.5,1.13,1
3310,2,9.0,1.96,5
3311,2,23.0,6.86,1
3312,2,7.5,1.57,1
3313,2,26.5,7.59,3
3314,2,7.5,1.38,1
3315,2,6.5,0.89,1
3316,2,5.5,0.91,1
3317,1,12.5,3.5,1
3318,1,15.5,2.4,1
3319,2,7.5,1.66,1
3320,2,6.5,1.25,1
3321,2,25.0,0.0,1
3322,2,8.5,1.86,1
3323,2,8.5,1.79,1
3324,2,6.5,1.67,1
3325,2,11.0,2.85,1
3326,2,7.0,0.85,1
3327,1,13.0,3.6,1
3328,1,5.0,1.0,1
3329,2,6.5,1.21,1
3330,2,19.0,5.35,1
3331,2,6.0,0.92,1
3332,2,12.5,2.9,1
3333,2,24.5,7.47,1
3334,2,5.5,0.91,1
3335,2,5.0,1.05,1
3336,2,23.5,6.05,6
3337,2,8.0,1.85,1
3338,2,11.5,2.39,1
3339,2,6.5,1.03,1
3340,1,5.0,0.9,1
3341,2,8.0,1.81,1
3342,2,19.0,6.01,1
3343,2,6.5,1.1,1
3344,2,4.5,0.79,1
3345,2,8.5,1.69,1
3346,1,22.0,7.2,1
3347,2,22.0,5.41,1
3348,1,0.0,4.1,1
3349,2,12.0,2.53,1
3350,2,16.0,3.03,1
3351,1,14.5,2.9,1
3352,2,5.0,0.81,1
3353,2,6.5,1.25,1
3354,2,6.5,0.96,2
3355,2,9.5,1.67,2
3356,2,7.5,1.35,1
3357,2,4.5,0.77,1
3358,2,17.0,5.15,1
3359,1,9.0,1.6,1
3360,1,38.0,11.2,1
3361,2,8.0,0.0,1
3362,2,6.0,0.63,1
3363,1,14.0,3.4,1
3364,2,15.0,3.03,1
3365,2,13.0,1.34,1
3366,2,9.5,1.82,1
3367,2,17.5,5.06,3
3368,1,53.5,12.7,1
3369,2,6.0,0.72,1
3370,2,4.5,0.62,1
3371,2,29.0,9.47,1
3372,2,15.5,3.63,1
3373,2,17.5,4.67,1
3374,1,5.5,0.7,1
3375,2,9.5,1.91,2
3376,1,9.0,1.9,2
3377,2,7.0,1.49,1
3378,1,5.0,0.8,2
3379,2,8.5,1.62,1
3380,2,23.5,7.98,1
3381,2,15.0,3.62,1
3382,2,14.0,3.98,1
3383,2,5.5,1.06,2
3384,1,5.5,1.1,1
3385,2,6.5,1.02,4
3386,2,8.5,1.81,5
3387,2,10.0,2.38,1
3388,2,16.0,3.2,2
3389,2,6.0,1.27,1
3390,1,5.5,0.9,1
3391,2,10.5,2.14,1
3392,2,6.0,0.71,1
3393,2,17.5,4.35,6
3394,1,13.0,2.0,1
3395,2,18.0,4.34,1
3396,2,9.5,1.89,6
3397,2,16.5,4.21,1
3398,1,15.0,4.4,1
3399,2,6.0,0.9,1
3400,2,8.0,0.21,1
3401,2,5.0,0.88,1
3402,2,5.5,0.51,1
3403,2,19.0,5.86,1
3404,2,4.0,0.71,1
3405,2,7.5,1.54,2
3406,2,19.0,5.26,1
3407,2,7.5,1.0,1
3408,2,12.0,2.25,1
3409,1,6.0,1.4,1
3410,2,27.0,8.2,2
3411,1,12.5,2.9,2
3412,1,70.0,16.3,1
3413,2,9.0,1.73,1
3414,1,8.5,2.1,1
3415,1,7.5,1.5,1
3416,2,10.5,2.54,1
3417,2,8.0,1.82,1
3418,2,17.5,4.02,1
3419,2,8.0,1.52,1
3420,2,7.0,1.35,1
3421,2,13.0,2.68,1
3422,2,6.5,1.07,1
3423,2,9.0,1.67,1
3424,1,12.0,2.8,1
3425,1,3.5,0.5,1
3426,2,40.0,12.19,1
3427,2,6.0,1.04,1
3428,2,20.5,6.88,1
3429,2,28.5,6.73,1
3430,1,6.5,0.3,1
3431,2,19.5,5.49,1
3432,2,8.0,1.79,1
3433,2,12.0,2.52,3
3434,1,10.5,2.1,1
3435,2,10.5,2.44,1
3436,2,10.0,0.74,1
3437,2,11.5,2.93,1
3438,2,9.5,2.23,1
3439,2,22.5,4.4,1
3440,2,5.5,1.09,1
3441,2,7.5,1.17,1
3442,2,39.5,14.13,1
3443,2,22.0,7.31,2
3444,1,5.0,0.7,1
3445,2,4.5,0.46,1
3446,2,4.5,0.47,1
3447,2,6.0,1.28,1
3448,2,6.0,1.05,1
3449,1,6.0,1.3,1
3450,2,7.0,1.33,1
3451,2,4.5,0.63,1
3452,1,11.0,2.2,1
3453,2,10.0,2.0,1
3454,2,14.5,2.92,1
3455,1,17.5,3.1,1
3456,1,11.5,2.5,1
3457,2,18.0,5.01,5
3458,2,5.5,1.2,1
3459,1,4.5,0.6,1
3460,2,9.0,1.73,1
3461,2,7.0,1.61,1
3462,1,4.5,0.5,1
3463,2,5.5,1.0,1
3464,2,9.0,2.67,1
3465,2,10.5,2.81,1
3466,2,8.0,1.4,1
3467,1,25.0,7.7,1
3468,2,20.5,4.6,6
3469,2,5.5,0.75,1
3470,2,5.5,0.67,5
3471,2,5.0,0.74,2
3472,2,8.5,1.7,1
3473,2,5.0,0.82,6
3474,1,22.0,7.1,1
3475,2,19.0,5.46,1
3476,1,15.0,3.5,1
3477,1,7.5,1.5,1
3478,2,13.5,2.79,2
3479,2,13.0,3.7,1
3480,2,8.5,1.92,5
3481,2,8.0,1.11,1
3482,2,19.0,5.22,1
3483,2,10.5,1.66,1
3484,2,9.0,2.12,1
3485,2,11.5,2.29,1
3486,2,16.5,4.02,1
3487,2,7.5,1.72,1
3488,2,20.5,3.46,1
3489,2,8.0,1.35,1
3490,2,11.5,2.81,1
3491,2,7.0,1.21,5
3492,2,10.0,2.37,1
3493,2,6.0,1.11,1
3494,1,5.0,0.8,1
3495,1,18.5,4.4,2
3496,2,12.5,2.87,1
3497,2,19.0,5.26,1
3498,2,9.0,2.18,5
3499,1,4.0,0.3,1
3500,2,5.5,0.85,1
3501,2,6.5,1.24,1
3502,2,5.5,0.92,1
3503,1,6.5,1.4,1
3504,2,-3.0,0.23,1
3505,2,5.5,1.0,1
3506,2,35.0,9.91,1
3507,2,7.5,1.1,1
3508,2,4.5,0.51,3
3509,2,5.5,0.89,1
3510,2,7.5,1.4,1
3511,2,9.0,2.22,3
3512,2,14.5,3.57,3
3513,2,19.0,5.19,1
3514,2,6.5,1.15,1
3515,2,10.5,2.48,1
3516,2,7.0,1.26,1
3517,2,14.0,3.27,1
3518,2,6.5,1.05,4
3519,2,8.5,1.42,1
3520,2,22.0,5.86,1
3521,1,7.0,1.6,1
3522,2,23.0,5.16,1
3523,2,12.5,2.85,1
3524,2,4.5,0.7,1
3525,2,6.0,1.02,1
3526,2,24.0,5.39,2
3527,2,6.0,1.18,1
3528,2,10.0,1.92,1
3529,2,5.0,0.68,1
3530,2,5.0,0.85,1
3531,2,8.5,1.3,1
3532,2,6.5,0.99,1
3533,2,29.0,7.36,1
3534,1,5.0,1.1,1
3535,2,14.0,2.72,1
3536,2,8.0,1.63,1
3537,2,4.0,0.56,1
3538,2,5.5,0.93,1
3539,1,5.0,0.8,1
3540,1,6.5,1.1,1
3541,1,9.0,1.7,1
3542,2,9.5,1.9,1
3543,2,23.0,7.44,1
3544,1,10.5,2.1,1
3545,1,4.0,0.5,1
3546,1,6.0,0.9,1
3547,2,6.5,0.72,1
3548,2,21.5,5.67,1
3549,2,4.5,0.64,1
3550,2,8.0,1.56,5
3551,2,7.5,1.32,1
3552,2,7.5,1.69,1
3553,2,6.0,1.05,1
3554,2,4.5,0.63,1
3555,2,4.0,0.53,1
3556,2,11.0,2.35,1
3557,2,13.0,2.21,1
3558,1,10.0,1.9,1
3559,2,18.5,5.29,1
3560,2,2.5,0.0,1
3561,2,10.0,2.04,1
3562,2,23.5,5.58,3
3563,2,12.5,3.09,1
3564,2,9.0,2.03,1
3565,2,6.0,1.51,1
3566,2,33.0,11.24,1
3567,2,9.5,2.25,1
3568,2,10.5,1.24,1
3569,2,3.5,0.52,1
3570,2,6.5,0.75,1
3571,2,15.5,3.23,1
3572,1,12.5,3.0,1
3573,2,23.5,6.32,2
3574,1,6.5,1.3,1
3575,1,6.0,0.8,1
3576,2,16.0,4.77,1
3577,2,13.5,2.17,1
3578,2,12.0,3.16,1
3579,2,12.5,3.27,2
3580,2,10.0,2.23,1
3581,2,8.5,1.63,1
3582,1,4.0,0.4,1
3583,1,28.5,9.3,1
3584,1,32.0,3.6,1
3585,1,22.5,4.3,2
3586,2,4.5,0.74,1
3587,1,0.0,2.4,1
3588,2,8.5,1.81,1
3589,2,10.5,2.91,6
3590,2,11.0,2.42,1
3591,2,6.5,1.07,1
3592,2,5.5,0.85,2
3593,2,16.0,3.53,1
3594,2,12.5,1.93,1
3595,1,13.5,2.6,3
3596,2,8.0,1.5,1
3597,2,14.5,3.65,2
3598,2,4.5,0.68,5
3599,2,16.0,3.92,1
3600,1,7.0,1.4,1
3601,2,5.0,1.1,1
3602,1,5.0,0.7,1
3603,2,11.5,2.7,1
3604,1,6.0,1.0,1
3605,2,6.5,0.85,1
3606,1,5.5,1.2,1
3607,2,16.0,5.06,1
3608,2,7.0,1.43,1
3609,2,7.0,1.3,1
3610,2,15.0,3.27,1
3611,2,8.0,1.94,1
3612,2,8.0,1.52,5
3613,2,5.0,0.71,1
3614,2,16.5,4.28,1
3615,2,6.5,1.38,1
3616,2,9.5,2.08,1
3617,2,6.0,0.88,1
3618,2,52.0,18.0,5
3619,2,8.5,2.05,1
3620,2,27.0,9.67,1
3621,2,27.5,7.68,1
3622,1,6.5,1.2,1
3623,2,12.5,3.33,1
3624,2,8.0,1.88,1
3625,2,13.0,2.96,1
3626,2,16.5,4.72,1
3627,1,11.0,3.0,1
3628,1,6.0,1.1,2
3629,2,13.0,3.26,5
3630,2,22.5,7.03,1
3631,2,18.0,4.77,1
3632,2,5.5,0.96,1
3633,1,7.0,1.0,1
3634,2,5.5,0.94,1
3635,2,5.0,0.77,1
3636,2,6.5,1.12,6
3637,2,5.0,0.76,5
3638,2,8.5,2.04,1
3639,1,9.0,1.8,1
3640,2,5.5,0.86,2
3641,2,20.5,5.73,2
3642,2,6.5,1.22,1
3643,2,18.0,4.98,1
3644,1,7.5,1.4,1
3645,2,15.0,4.78,2
3646,1,52.0,17.8,1
3647,2,28.0,8.45,1
3648,2,8.0,1.53,1
3649,2,10.5,2.92,1
3650,1,10.5,2.4,1
3651,2,11.0,2.57,3
3652,2,10.0,1.81,1
3653,2,29.0,8.95,1
3654,2,6.5,1.05,1
3655,1,47.0,15.6,1
3656,2,10.5,1.29,1
3657,2,8.0,1.4,1
3658,2,10.0,2.06,5
3659,2,7.0,1.24,1
3660,2,47.0,15.37,1
3661,1,10.0,2.5,1
3662,2,11.0,2.83,1
3663,2,13.5,2.54,1
3664,2,4.5,0.54,1
3665,2,12.0,3.23,3
3666,2,4.0,0.41,1
3667,2,10.5,2.83,1
3668,2,19.5,3.69,1
3669,2,16.0,2.63,1
3670,2,22.0,6.42,1
3671,2,10.0,1.67,1
3672,2,5.0,0.51,1
3673,1,5.0,0.7,1
3674,2,7.5,1.3,1
3675,2,4.0,0.51,1
3676,2,45.5,13.48,1
3677,2,6.5,1.14,1
3678,2,5.0,0.83,1
3679,2,5.0,0.83,1
3680,2,18.0,4.16,1
3681,2,7.0,1.27,1
3682,2,8.5,1.46,1
3683,2,11.5,3.22,1
3684,2,11.5,2.43,1
3685,2,6.5,0.92,5
3686,2,14.5,3.37,1
3687,2,5.5,0.72,1
3688,2,5.0,0.64,1
3689,2,12.0,2.5,1
3690,2,5.0,0.85,1
3691,2,4.5,0.36,1
3692,2,22.0,7.02,6
3693,1,4.5,0.7,1
3694,2,10.5,2.37,1
3695,1,19.5,5.6,1
3696,2,12.0,1.75,1
3697,2,18.5,4.94,1
3698,2,9.5,1.89,5
3699,2,6.5,1.24,1
3700,2,7.5,1.27,1
3701,2,12.0,2.68,1
3702,2,7.5,1.67,1
3703,2,14.5,3.4,1
3704,2,15.5,3.5,1
3705,2,28.5,10.01,1
3706,2,29.0,6.96,1
3707,2,5.0,0.63,1
3708,2,2.5,0.09,1
3709,2,33.5,10.59,1
3710,2,5.0,0.93,1
3711,2,20.5,6.25,1
3712,2,4.5,0.58,1
3713,1,23.0,7.1,1
3714,2,16.0,3.05,5
3715,2,9.0,1.32,1
3716,2,21.5,5.97,1
3717,2,5.5,0.63,2
3718,2,38.0,11.51,1
3719,2,10.5,2.56,1
3720,1,3.0,0.0,1
3721,2,12.0,2.51,1
3722,1,6.5,0.9,2
3723,1,17.0,3.9,1
3724,2,19.0,5.65,1
3725,1,6.0,1.0,1
3726,2,5.0,0.0,2
3727,2,58.0,15.29,1
3728,1,4.5,0.6,1
3729,1,32.0,9.0,1
3730,1,7.5,1.7,1
3731,2,10.0,2.17,1
3732,2,13.0,2.36,1
3733,2,3.5,0.31,1
3734,2,24.5,5.86,1
3735,1,17.0,5.2,1
3736,2,16.5,3.5,5
3737,1,4.0,0.4,1
3738,2,13.0,2.46,1
3739,1,15.0,4.1,1
3740,2,23.0,5.21,1
3741,2,5.5,1.1,1
3742,2,5.5,0.73,1
3743,1,8.0,1.9,1
3744,2,11.0,2.7,1
3745,2,8.5,1.98,5
3746,1,3.5,0.3,1
3747,1,6.0,0.9,1
3748,1,10.5,2.9,1
3749,1,9.5,1.7,2
3750,2,9.5,2.04,6
3751,2,19.5,4.92,1
3752,2,6.0,0.69,1
3753,2,18.0,5.26,1
3754,2,7.0,1.2,1
3755,2,14.5,4.2,1
3756,2,13.0,3.07,1
3757,2,11.5,3.07,1
3758,2,18.0,5.03,1
3759,2,35.0,11.79,2
3760,1,17.5,5.1,1
3761,2,18.0,5.81,1
3762,2,11.0,2.64,1
3763,2,11.0,2.48,3
3764,2,21.5,4.44,1
3765,2,14.5,2.33,1
3766,2,7.5,1.17,3
3767,2,23.0,6.28,1
3768,2,8.5,1.91,1
3769,1,3.0,0.8,2
3770,2,11.5,1.73,1
3771,2,6.5,1.46,1
3772,2,16.5,4.75,1
3773,2,10.5,2.05,1
3774,2,6.0,0.79,1
3775,2,4.0,0.68,5
3776,2,27.0,4.87,1
3777,2,9.5,1.7,1
3778,2,3.5,0.39,2
3779,1,9.5,2.4,4
3780,2,5.5,1.12,1
3781,2,7.5,1.28,1
3782,2,9.0,2.1,5
3783,2,4.5,0.69,1
3784,2,11.5,2.15,1
3785,2,10.5,1.91,1
3786,2,13.5,4.48,1
3787,2,8.5,1.93,1
3788,2,6.5,0.8,2
3789,1,12.0,2.6,1
3790,2,25.5,6.47,1
3791,2,4.0,0.41,1
3792,2,16.0,3.35,1
3793,2,5.5,0.82,1
3794,2,7.5,1.25,1
3795,1,5.0,0.7,1
3796,2,12.0,1.86,1
3797,1,5.5,1.0,1
3798,2,13.0,3.57,1
3799,1,17.5,4.6,1
3800,2,6.0,1.06,5
3801,2,9.5,2.1,5
3802,2,6.0,1.05,1
3803,2,11.5,3.02,4
3804,2,3.5,0.5,1
3805,2,5.5,0.67,1
3806,2,9.0,1.84,1
3807,2,19.0,5.97,1
3808,1,11.5,2.5,1
3809,1,7.5,1.4,1
3810,1,0.0,1.9,1
3811,2,11.5,2.68,1
3812,2,9.5,1.45,2
3813,2,3.0,0.4,1
3814,2,4.0,0.55,5
3815,2,21.0,6.63,1
3816,2,17.5,4.27,1
3817,1,18.0,4.9,1
3818,2,3.0,0.38,1
3819,1,15.5,3.6,1
3820,2,4.5,0.66,1
3821,2,14.5,3.28,1
3822,2,6.0,1.06,1
3823,2,10.5,2.51,1
3824,2,5.0,0.71,1
3825,1,9.0,2.0,1
3826,2,10.5,1.64,1
3827,2,18.0,5.69,1
3828,2,9.0,1.98,1
3829,2,5.5,1.13,1
3830,2,7.5,1.33,1
3831,2,5.5,0.76,1
3832,2,10.0,2.43,3
3833,2,4.0,0.6,1
3834,1,7.0,1.2,3
3835,2,5.5,0.94,1
3836,2,9.5,2.05,1
3837,2,11.5,2.53,1
3838,2,4.5,0.88,1
3839,2,11.5,1.85,1
3840,2,21.5,5.48,5
3841,2,9.0,2.05,1
3842,2,13.5,3.02,1
3843,1,6.5,0.9,1
3844,2,5.0,0.76,1
3845,2,9.0,1.62,1
3846,1,6.5,0.6,1
3847,2,6.0,1.24,1
3848,2,8.5,1.67,1
3849,1,22.0,6.4,1
3850,2,4.0,0.4,2
3851,2,6.5,1.0,1
3852,2,9.0,1.81,1
3853,2,6.0,0.91,1
3854,2,11.5,2.39,1
3855,2,17.0,4.37,1
3856,2,24.5,8.18,1
3857,1,15.5,3.1,2
3858,2,14.5,3.66,1
3859,2,10.0,2.1,1
3860,1,8.0,1.4,1
3861,2,15.0,3.95,1
3862,2,6.0,1.38,1
3863,1,20.5,5.6,1
3864,1,4.5,0.6,1
3865,2,22.0,6.84,5
3866,2,37.5,12.54,1
3867,2,9.5,2.01,2
3868,2,7.0,1.36,1
3869,2,10.5,2.64,1
3870,2,11.0,2.86,1
3871,2,13.0,3.85,1
3872,2,8.5,1.29,1
3873,2,13.0,2.61,1
3874,1,16.0,4.8,1
3875,2,7.0,1.31,1
3876,2,21.0,5.38,1
3877,1,25.0,7.4,1
3878,2,8.5,2.13,1
3879,2,5.0,0.8,1
3880,2,7.5,1.52,5
3881,1,21.0,4.9,1
3882,2,5.5,0.82,1
3883,2,5.0,0.74,1
3884,2,5.5,1.0,1
3885,2,15.0,3.4,1
3886,1,18.0,3.5,1
3887,2,8.0,1.83,1
3888,2,17.0,4.21,1
3889,1,14.5,3.1,2
3890,2,18.5,5.93,3
3891,2,6.5,1.09,2
3892,1,19.0,2.1,1
3893,2,7.0,1.42,1
3894,2,34.5,7.84,6
3895,2,9.0,1.82,1
3896,2,8.5,1.76,1
3897,2,10.5,2.14,1
3898,2,6.5,1.03,1
3899,2,10.5,2.44,1
3900,2,11.5,2.7,1
3901,2,11.5,3.29,1
3902,2,33.5,9.2,1
3903,1,11.5,3.1,2
3904,2,5.5,0.89,5
3905,2,5.5,0.82,1
3906,2,7.0,1.45,1
3907,2,5.5,0.82,1
3908,2,5.0,0.55,1
3909,2,10.5,1.85,1
3910,1,7.0,1.3,1
3911,2,8.5,1.68,1
3912,2,9.5,2.59,1
3913,2,10.5,2.59,1
3914,1,0.0,0.1,1
3915,2,30.0,7.26,2
3916,2,4.5,0.63,1
3917,2,7.5,1.27,5
3918,2,11.5,3.37,1
3919,2,8.0,1.05,1
3920,2,8.0,1.66,1
3921,2,4.5,0.77,1
3922,1,4.5,0.7,1
3923,2,5.0,0.69,1
3924,2,6.0,0.96,1
3925,2,8.5,2.17,1
3926,2,10.5,1.73,1
3927,2,5.0,0.91,1
3928,2,11.0,2.34,1
3929,2,12.5,3.08,1
3930,1,4.5,0.5,1
3931,1,10.5,1.8,1
3932,2,15.5,4.24,1
3933,2,4.5,0.83,1
3934,1,9.0,2.1,1
3935,2,7.5,1.86,1
3936,2,13.5,3.03,1
3937,2,24.5,3.32,1
3938,2,9.5,2.13,1
3939,1,9.5,1.6,1
3940,2,7.0,1.16,1
3941,2,11.0,3.23,1
3942,1,8.0,1.9,1
3943,2,11.5,2.68,6
3944,1,22.0,7.3,1
3945,2,4.5,0.44,1
3946,2,9.0,2.24,1
3947,1,83.5,25.3,1
3948,2,6.0,0.9,1
3949,2,23.0,5.94,1
3950,2,8.5,2.36,1
3951,1,24.5,3.4,1
3952,2,19.5,5.03,2
3953,2,5.5,1.1,1
3954,1,7.0,1.3,1
3955,2,16.0,3.82,1
3956,1,21.5,5.1,1
3957,1,7.0,1.2,1
3958,2,6.0,1.11,1
3959,2,11.0,1.85,1
3960,2,5.5,1.14,1
3961,1,16.0,3.4,1
3962,1,9.0,1.9,1
3963,2,12.0,2.86,1
3964,2,4.0,0.64,3
3965,2,4.5,0.57,1
3966,2,28.5,9.41,1
3967,1,4.5,0.5,1
3968,1,15.0,2.4,1
3969,2,8.0,1.55,1
3970,2,8.0,1.58,1
3971,2,6.0,1.21,1
3972,2,12.0,2.8,1
3973,2,24.0,7.82,1
3974,2,11.2,4.91,1
3975,2,8.5,1.66,2
3976,1,5.5,1.2,1
3977,2,4.5,0.7,1
3978,1,12.0,3.1,1
3979,2,26.0,7.22,1
3980,2,13.5,3.12,1
3981,2,5.0,0.7,1
3982,1,9.5,2.3,1
3983,1,8.0,1.2,1
3984,2,9.5,2.57,1
3985,2,45.0,0.11,1
3986,2,6.5,1.06,1
3987,2,7.0,1.1,1
3988,2,10.5,2.22,1
3989,2,37.0,12.47,1
3990,2,9.0,2.14,1
3991,2,5.0,0.8,2
3992,2,2.5,0.0,1
3993,1,22.0,4.4,1
3994,1,6.5,1.1,1
3995,2,3.0,0.3,2
3996,2,11.0,2.86,1
3997,1,11.0,2.1,1
3998,2,6.5,0.64,1
3999,2,22.5,7.44,1
4000,2,15.0,3.92,1
4001,1,9.5,1.5,1
4002,1,10.0,1.6,1
4003,2,7.0,0.99,1
4004,2,5.5,0.99,5
4005,2,11.0,2.16,1
4006,2,7.5,1.29,1
4007,1,7.5,1.5,1
4008,2,17.0,5.01,5
4009,1,11.0,2.9,1
4010,2,10.0,2.48,1
4011,1,16.0,4.1,1
4012,2,16.0,3.93,6
4013,1,7.0,1.0,1
4014,1,10.5,1.7,1
4015,2,32.5,11.07,1
4016,2,7.0,1.53,1
4017,2,10.0,2.32,1
4018,1,23.0,7.5,1
4019,2,8.5,2.1,1
4020,1,35.0,9.5,1
4021,2,11.0,2.01,2
4022,2,6.5,1.26,1
4023,2,21.0,2.84,1
4024,2,6.5,1.17,1
4025,2,6.5,0.96,1
4026,2,13.5,3.62,1
4027,2,6.5,1.25,1
4028,1,8.5,1.8,1
4029,2,200.0,0.0,1
4030,1,26.0,7.5,1
4031,2,3.5,0.27,1
4032,1,6.5,1.3,2
4033,1,9.0,1.8,1
4034,2,4.0,0.42,2
4035,2,11.0,2.03,1
4036,2,21.5,3.94,1
4037,2,6.0,1.23,1
4038,2,4.0,0.47,1
4039,2,8.5,1.53,1
4040,2,6.0,0.81,1
4041,2,6.0,0.94,1
4042,1,21.5,7.2,1
4043,2,13.5,4.35,1
4044,1,7.0,1.1,1
4045,2,16.0,5.17,1
4046,1,6.5,1.0,1
4047,2,6.5,1.06,1
4048,2,12.0,2.31,2
4049,2,9.5,1.34,5
4050,2,7.0,1.18,1
4051,2,12.0,2.51,2
4052,2,12.0,2.47,1
4053,2,9.5,1.98,1
4054,1,3.5,0.5,1
4055,1,5.0,0.8,2
4056,2,4.0,0.45,1
4057,2,8.5,1.68,1
4058,2,11.0,2.44,1
4059,2,15.0,3.3,1
4060,2,5.5,0.66,1
4061,2,6.5,1.23,1
4062,2,5.5,0.87,1
4063,2,21.0,4.8,1
4064,1,11.5,1.4,1
4065,2,8.0,1.58,1
4066,2,15.0,4.24,1
4067,2,20.0,6.11,1
4068,2,18.0,4.22,1
4069,1,14.0,3.1,1
4070,2,18.0,4.92,1
4071,2,9.5,1.76,1
4072,2,5.5,0.81,1
4073,2,16.5,4.26,1
4074,2,10.0,1.34,1
4075,2,13.5,3.1,5
4076,2,6.0,1.15,1
4077,2,20.0,4.44,1
4078,2,12.0,3.05,1
4079,1,11.0,1.8,1
4080,1,10.0,2.1,1
4081,2,10.0,2.1,1
4082,2,9.5,2.06,1
4083,1,5.0,0.8,1
4084,2,19.5,5.31,1
4085,2,8.0,1.88,1
4086,2,9.0,1.62,1
4087,1,16.5,3.4,1
4088,2,14.0,3.92,1
4089,1,4.5,0.6,1
4090,1,10.5,2.1,1
4091,2,13.0,2.75,2
4092,2,24.5,6.95,1
4093,2,3.5,0.46,1
4094,2,4.5,0.63,1
4095,2,5.0,0.52,1
4096,2,3.5,0.4,1
4097,2,11.5,2.92,1
4098,2,18.0,5.09,1
4099,2,18.5,4.62,5
4100,2,7.0,1.17,6
4101,2,8.5,2.34,1
4102,2,27.0,7.1,1
4103,2,6.5,0.99,2
4104,2,11.5,2.64,1
4105,1,11.0,1.2,1
4106,2,6.0,0.83,1
4107,1,4.5,0.5,1
4108,2,6.0,1.31,1
4109,1,5.5,0.8,1
4110,1,7.5,1.5,1
4111,2,3.5,0.0,1
4112,2,17.0,5.35,1
4113,2,7.0,1.64,3
4114,1,9.5,2.2,2
4115,2,8.5,1.3,1
4116,2,5.0,0.89,1
4117,2,11.0,2.29,1
4118,1,9.5,1.8,1
4119,2,9.5,2.13,1
4120,2,7.0,1.08,1
4121,2,23.5,6.57,1
4122,2,12.5,2.81,1
4123,2,4.0,0.65,1
4124,2,11.0,2.21,1
4125,2,10.0,2.28,1
4126,2,6.5,1.04,1
4127,2,8.0,1.06,1
4128,2,10.0,2.55,1
4129,2,10.5,2.59,1
4130,1,6.5,1.1,1
4131,1,12.5,3.0,1
4132,1,5.0,0.8,1
4133,2,8.0,2.01,2
4134,1,4.0,0.4,1
4135,2,4.0,0.55,1
4136,1,18.5,3.9,2
4137,2,9.0,1.75,1
4138,2,9.0,1.26,1
4139,2,7.5,1.11,1
4140,2,4.0,0.41,1
4141,2,8.0,1.78,1
4142,2,5.5,0.95,2
4143,1,6.5,1.4,1
4144,2,5.5,0.45,1
4145,1,14.0,4.2,1
4146,1,5.5,0.8,1
4147,2,15.0,1.57,1
4148,2,13.0,3.27,1
4149,2,3.5,0.37,1
4150,2,6.0,0.82,1
4151,2,6.0,1.18,5
4152,1,26.5,4.6,1
4153,2,4.0,0.38,1
4154,2,4.5,0.81,1
4155,2,9.5,2.11,1
4156,2,13.0,3.43,1
4157,2,4.5,0.69,1
4158,1,21.5,5.7,2
4159,2,4.0,0.65,1
4160,2,4.0,0.46,1
4161,2,4.0,0.48,1
4162,2,11.5,2.8,1
4163,2,6.5,1.07,1
4164,1,5.5,1.0,2
4165,1,12.5,2.7,1
4166,2,12.0,3.59,1
4167,2,4.0,0.4,2
4168,2,13.0,2.55,1
4169,2,5.0,0.85,1
4170,2,15.5,4.17,1
4171,2,23.0,5.74,1
4172,2,13.5,3.55,1
4173,2,11.0,2.86,1
4174,2,7.0,0.95,1
4175,2,8.5,1.07,1
4176,1,26.5,8.0,1
4177,2,33.5,10.94,1
4178,1,11.0,2.7,1
4179,2,7.5,1.8,1
4180,2,9.0,1.05,1
4181,2,26.5,8.14,1
4182,1,16.5,4.2,1
4183,1,6.5,0.9,1
4184,2,4.5,0.6,1
4185,1,9.5,1.7,2
4186,2,17.0,3.73,1
4187,2,5.0,0.94,1
4188,2,23.5,6.57,1
4189,2,15.5,3.81,1
4190,2,8.5,1.38,1
4191,2,10.5,2.63,1
4192,1,11.0,3.1,1
4193,2,8.5,1.99,1
4194,1,23.5,7.7,1
4195,2,35.0,0.02,3
4196,1,5.0,0.6,1
4197,1,4.0,0.3,1
4198,2,3.5,0.42,2
4199,2,29.0,8.11,1
4200,2,10.5,1.83,1
4201,2,15.0,3.95,1
4202,2,10.0,2.49,1
4203,2,8.0,1.77,1
4204,2,25.5,7.18,1
4205,2,12.5,2.29,1
4206,2,20.0,6.67,1
4207,2,6.5,1.29,5
4208,2,5.5,0.96,1
4209,2,7.0,0.98,2
4210,2,7.0,0.91,1
4211,2,22.0,4.16,1
4212,2,6.5,1.39,1
4213,1,18.5,4.9,1
4214,2,7.5,1.22,2
4215,2,12.5,1.72,1
4216,1,15.5,3.2,2
4217,2,6.0,0.89,1
4218,1,11.5,2.6,1
4219,2,4.5,0.61,1
4220,2,3.5,0.27,1
4221,2,8.5,1.6,1
4222,2,21.5,6.08,5
4223,1,6.0,1.1,1
4224,2,4.0,0.44,1
4225,2,25.5,5.44,1
4226,2,4.5,0.46,1
4227,2,5.0,0.85,1
4228,2,12.5,2.71,1
4229,2,5.0,0.54,2
4230,2,19.5,3.98,1
4231,1,7.5,1.2,1
4232,1,19.5,4.4,1
4233,2,16.0,4.9,1
4234,2,14.0,2.56,1
4235,2,4.0,0.37,1
4236,2,6.5,1.06,1
4237,2,6.0,0.8,1
4238,2,10.0,1.87,1
4239,2,5.5,0.69,1
4240,2,12.0,2.76,1
4241,1,7.5,1.2,1
4242,2,14.5,3.74,1
4243,2,10.0,2.73,1
4244,2,17.0,5.22,1
4245,2,16.5,4.1,1
4246,2,16.5,4.81,1
4247,2,5.0,0.94,4
4248,2,6.0,1.28,1
4249,2,5.5,0.79,1
4250,2,5.0,1.13,1
4251,2,21.0,6.45,1
4252,2,5.0,0.92,1
4253,2,4.5,0.86,1
4254,2,9.0,1.04,1
4255,2,16.5,3.78,1
4256,2,21.5,7.17,6
4257,2,10.5,2.03,1
4258,2,4.0,0.61,1
4259,2,10.5,2.28,1
4260,2,17.0,3.99,1
4261,2,6.5,0.78,1
4262,2,20.0,3.67,1
4263,1,35.0,11.4,1
4264,2,4.5,0.68,2
4265,2,13.5,3.91,1
4266,2,8.0,1.01,1
4267,2,5.5,0.64,6
4268,2,7.5,1.47,1
4269,2,7.0,0.71,1
4270,2,26.0,7.4,1
4271,1,5.5,1.0,1
4272,2,8.0,1.87,1
4273,2,8.0,0.96,1
4274,2,6.0,0.9,2
4275,2,20.5,3.48,1
4276,2,18.0,8.33,2
4277,1,8.5,1.7,1
4278,2,19.0,4.66,1
4279,2,26.5,5.44,1
4280,2,4.5,0.51,2
4281,2,4.5,0.75,1
4282,2,23.5,7.84,1
4283,1,11.0,2.9,1
4284,2,18.0,5.67,1
4285,1,5.5,1.1,1
4286,1,6.5,1.1,1
4287,1,16.5,3.0,1
4288,2,6.0,1.06,1
4289,2,8.5,1.64,1
4290,2,6.0,1.16,1
4291,2,12.5,2.99,1
4292,2,6.5,1.26,1
4293,2,8.0,1.58,1
4294,2,24.0,5.37,1
4295,1,0.0,1.9,2
4296,2,6.5,1.13,1
4297,1,7.0,1.0,1
4298,2,8.5,1.99,1
4299,2,6.0,1.04,1
4300,2,20.5,5.93,1
4301,2,7.5,1.57,1
4302,1,4.0,0.5,1
4303,2,9.0,1.96,6
4304,2,5.0,0.63,1
4305,2,35.0,9.44,1
4306,1,7.5,1.9,1
4307,2,14.0,3.26,1
4308,2,5.0,0.69,1
4309,2,5.5,1.08,1
4310,2,6.0,1.12,1
4311,2,8.0,0.68,1
4312,2,8.0,1.75,2
4313,2,10.0,2.1,1
4314,2,8.0,1.26,1
4315,2,7.5,1.34,1
4316,2,10.5,2.55,1
4317,2,3.5,0.38,2
4318,2,13.0,3.15,1
4319,2,12.0,3.82,1
4320,2,10.5,1.85,1
4321,2,11.5,2.74,1
4322,2,8.0,1.35,1
4323,1,6.5,1.0,1
4324,2,4.5,0.61,1
4325,1,7.0,1.4,1
4326,2,18.0,4.4,1
4327,2,6.0,1.35,1
4328,2,11.0,2.19,1
4329,2,8.5,2.09,1
4330,2,3.0,0.16,1
4331,2,15.5,4.91,1
4332,2,12.0,2.84,1
4333,2,16.0,3.56,1
4334,2,7.5,0.29,6
4335,2,6.0,0.98,1
4336,2,19.5,4.94,1
4337,2,4.5,0.65,1
4338,2,6.5,1.05,1
4339,2,19.5,6.29,1
4340,2,22.5,7.74,3
4341,2,20.0,5.94,1
4342,2,20.5,5.96,1
4343,1,19.0,4.3,1
4344,2,9.0,0.97,5
4345,2,3.0,0.18,1
4346,2,11.5,2.76,1
4347,2,6.0,1.03,1
4348,2,17.0,4.13,1
4349,2,7.5,1.6,1
4350,2,6.0,1.09,5
4351,2,8.5,1.91,1
4352,2,10.0,0.07,1
4353,1,8.5,2.0,1
4354,1,15.5,3.2,1
4355,1,7.0,1.3,1
4356,2,4.0,0.55,1
4357,2,10.5,1.86,1
4358,2,17.0,4.8,1
4359,2,7.5,1.41,1
4360,2,12.5,3.19,1
4361,1,5.5,1.1,1
4362,2,12.0,2.81,1
4363,2,8.0,1.77,1
4364,2,7.5,1.0,1
4365,2,5.0,0.6,1
4366,2,10.5,2.21,1
4367,1,2.5,1.4,1
4368,1,5.0,0.7,1
4369,2,8.5,1.69,1
4370,1,20.5,6.2,1
4371,2,4.5,0.64,1
4372,2,8.5,1.07,1
4373,2,18.0,5.85,1
4374,2,3.5,0.41,1
4375,2,9.0,2.2,1
4376,2,14.0,3.23,1
4377,2,15.5,3.11,2
4378,1,6.0,0.9,1
4379,1,4.0,0.6,2
4380,1,15.5,2.7,1
4381,2,19.5,4.05,1
4382,2,3.0,0.29,1
4383,1,5.5,1.0,1
4384,2,3.5,0.5,1
4385,2,7.5,0.94,1
4386,2,15.0,4.07,1
4387,2,4.5,0.43,1
4388,2,11.5,1.9,1
4389,2,10.0,2.53,1
4390,2,8.0,1.95,3
4391,2,8.5,1.54,2
4392,2,12.0,3.47,1
4393,1,4.0,0.4,1
4394,2,5.0,0.57,1
4395,2,5.5,1.05,1
4396,1,6.0,1.4,1
4397,1,4.5,0.7,1
4398,2,4.0,0.52,1
4399,2,14.0,3.77,5
4400,2,16.5,5.2,1
4401,2,13.5,3.13,1
4402,1,8.0,0.6,2
4403,2,5.5,1.09,1
4404,2,8.0,1.28,1
4405,2,4.5,0.82,1
4406,2,6.0,0.96,1
4407,2,38.5,9.83,1
4408,2,5.0,0.62,1
4409,2,12.0,2.48,1
4410,2,15.5,3.47,1
4411,2,9.0,1.85,1
4412,1,7.0,1.1,2
4413,2,13.0,3.22,1
4414,1,25.5,8.5,1
4415,2,5.5,1.15,2
4416,2,7.5,1.74,1
4417,2,5.5,1.1,1
4418,2,18.5,4.27,2
4419,2,7.5,1.26,1
4420,2,13.5,2.79,1
4421,1,8.5,2.1,1
4422,1,7.0,1.4,1
4423,1,0.0,0.7,1
4424,2,7.5,1.57,1
4425,2,26.0,8.61,1
4426,2,8.5,1.81,1
4427,2,9.5,2.1,1
4428,2,11.0,1.94,1
4429,2,5.5,0.8,1
4430,2,7.5,1.52,1
4431,1,19.0,5.2,1
4432,2,34.5,8.87,1
4433,1,15.0,4.2,1
4434,1,7.0,1.3,1
4435,2,14.5,2.72,1
4436,2,5.5,1.18,1
4437,2,45.0,16.03,2
4438,2,13.0,3.2,1
4439,2,7.0,1.19,1
4440,2,5.0,0.85,1
4441,2,7.5,1.06,1
4442,2,5.0,0.67,1
4443,2,9.5,1.77,1
4444,2,32.0,10.42,6
4445,2,49.5,18.28,1
4446,1,9.0,1.8,1
4447,2,12.0,2.7,1
4448,2,27.0,9.16,1
4449,2,4.0,0.34,1
4450,1,26.0,7.5,1
4451,2,13.0,3.14,1
4452,2,8.0,1.46,1
4453,2,20.5,6.54,1
4454,2,9.0,1.66,1
4455,1,15.0,3.8,1
4456,1,5.5,1.0,1
4457,2,7.0,1.64,5
4458,1,6.5,1.0,1
4459,1,12.5,1.7,2
4460,2,3.0,0.26,1
4461,1,10.0,1.9,2
4462,2,5.0,0.53,1
4463,2,18.0,5.28,5
4464,2,3.5,0.37,2
4465,2,5.5,0.91,1
4466,1,48.5,17.8,1
4467,1,9.0,2.1,1
4468,2,8.5,1.66,1
4469,2,11.5,2.49,1
4470,2,5.0,1.0,1
4471,2,5.0,0.83,1
4472,1,6.5,0.9,1
4473,2,4.0,0.58,1
4474,2,27.5,7.65,1
4475,2,5.0,1.02,1
4476,2,5.5,0.88,2
4477,2,10.5,1.8,1
4478,1,60.5,15.9,1
4479,2,4.0,0.52,1
4480,2,33.0,9.05,2
4481,2,43.5,11.46,1
4482,2,16.0,1.97,1
4483,2,8.0,1.53,1
4484,1,13.0,3.4,1
4485,2,9.5,2.13,1
4486,2,4.5,0.44,1
4487,2,10.5,2.18,1
4488,2,14.5,3.94,1
4489,2,13.0,3.37,1
4490,1,6.0,1.0,1
4491,2,4.0,0.63,1
4492,2,5.0,0.86,1
4493,2,11.0,2.45,1
4494,2,6.5,1.17,1
4495,2,35.0,19.77,1
4496,2,30.5,8.56,1
4497,1,10.5,1.6,1
4498,1,22.5,7.0,1
4499,2,4.5,0.63,1
4500,1,6.5,1.4,1
4501,2,6.5,1.15,1
4502,1,7.5,1.4,2
4503,2,7.5,1.13,1
4504,2,5.0,0.71,1
4505,2,6.5,1.31,1
4506,2,52.0,19.76,1
4507,2,7.5,1.28,1
4508,2,6.0,1.17,1
4509,2,7.5,1.54,1
4510,1,17.0,4.0,1
4511,2,5.5,0.95,1
4512,1,5.0,0.6,1
4513,1,5.0,0.8,1
4514,2,6.0,1.21,1
4515,2,9.0,1.87,1
4516,2,6.0,0.2,1
4517,2,16.5,4.91,1
4518,1,17.5,5.3,1
4519,2,32.0,10.12,1
4520,2,16.5,3.58,1
4521,1,5.0,0.7,1
4522,2,5.0,0.77,1
4523,2,6.0,1.4,1
4524,2,27.0,8.23,1
4525,2,8.5,1.66,1
4526,2,10.0,1.52,6
4527,1,19.5,3.8,1
4528,2,5.5,1.0,1
4529,2,3.5,0.26,1
4530,2,6.5,1.01,1
4531,2,10.0,2.42,1
4532,1,7.5,1.5,1
4533,1,11.0,2.3,1
4534,1,37.0,8.4,1
4535,2,5.0,0.87,1
4536,2,19.5,5.4,1
4537,2,11.0,2.29,1
4538,2,10.5,2.58,1
4539,1,7.5,1.3,1
4540,2,5.5,0.86,1
4541,2,7.0,1.29,1
4542,1,5.5,0.9,1
4543,2,7.5,1.48,2
4544,1,28.5,9.1,4
4545,2,21.0,6.83,1
4546,1,15.5,2.2,2
4547,2,21.5,6.35,2
4548,2,4.0,0.54,1
4549,2,8.5,1.85,1
4550,2,19.5,5.93,5
4551,2,15.0,2.81,1
4552,2,7.5,1.18,1
4553,2,25.0,7.25,1
4554,2,5.0,0.83,1
4555,1,5.0,0.7,1
4556,2,10.5,2.24,1
4557,2,6.5,1.54,2
4558,2,7.5,1.28,1
4559,2,6.0,0.47,1
4560,1,12.0,2.1,2
4561,1,6.0,1.5,1
4562,2,12.0,3.26,1
4563,2,14.0,2.42,1
4564,2,6.5,1.23,1
4565,2,9.0,2.39,2
4566,2,6.0,1.08,1
4567,1,13.5,1.7,1
4568,2,12.0,2.11,1
4569,2,4.5,0.69,6
4570,1,11.5,3.4,1
4571,2,5.5,1.15,1
4572,2,6.5,1.33,5
4573,2,34.0,10.3,1
4574,2,9.0,1.82,1
4575,2,6.5,1.05,1
4576,2,7.5,0.75,1
4577,2,8.5,1.81,1
4578,1,16.0,4.8,2
4579,2,17.0,3.38,1
4580,1,8.5,1.6,1
4581,2,20.0,6.55,1
4582,1,9.0,1.8,1
4583,2,12.5,2.15,2
4584,2,13.0,2.45,1
4585,1,14.0,3.4,1
4586,2,6.0,0.79,1
4587,2,9.5,1.85,1
4588,2,19.5,5.55,2
4589,2,12.5,3.06,1
4590,1,6.0,0.9,1
4591,2,7.5,1.11,1
4592,2,13.0,3.58,1
4593,2,18.5,4.51,2
4594,1,5.5,0.7,1
4595,2,7.5,1.26,2
4596,2,9.0,2.38,1
4597,2,17.5,4.4,1
4598,2,7.0,1.43,1
4599,2,5.0,1.1,1
4600,2,12.0,3.21,1
4601,2,17.0,5.22,5
4602,2,4.0,0.51,2
4603,2,11.5,2.76,1
4604,2,13.5,3.64,5
4605,2,11.0,0.0,1
4606,2,9.0,1.94,1
4607,2,5.5,0.91,1
4608,1,9.5,2.1,1
4609,2,21.5,5.22,1
4610,1,8.5,2.0,1
4611,2,3.5,0.43,1
4612,2,24.0,6.97,1
4613,2,8.5,1.22,1
4614,2,15.0,4.97,1
4615,2,19.5,4.91,1
4616,2,9.0,1.77,1
4617,2,23.0,7.25,1
4618,2,8.5,1.24,1
4619,1,0.0,0.2,1
4620,2,15.5,5.03,2
4621,2,4.5,0.85,1
4622,2,8.5,0.72,1
4623,2,8.5,1.93,1
4624,2,19.0,5.07,1
4625,2,5.5,0.91,1
4626,2,33.5,8.02,1
4627,2,-6.5,0.79,1
4628,2,7.0,1.19,1
4629,2,6.0,1.01,1
4630,1,24.0,5.0,2
4631,2,10.0,1.55,5
4632,2,5.5,0.76,1
4633,1,4.5,0.5,2
4634,2,23.0,7.15,1
4635,2,6.0,1.14,1
4636,1,7.0,1.4,1
4637,2,10.5,1.86,1
4638,2,19.0,3.62,1
4639,2,5.5,0.79,1
4640,1,9.5,2.3,1
4641,2,25.0,6.92,1
4642,2,3.5,0.29,1
4643,1,18.5,5.4,1
4644,2,14.0,3.93,1
4645,2,13.0,2.98,1
4646,2,6.0,0.74,6
4647,2,5.5,1.08,1
4648,2,5.0,0.61,1
4649,2,6.5,1.16,1
4650,2,7.5,1.63,1
4651,2,18.5,4.45,1
4652,1,10.5,2.6,1
4653,1,4.0,0.5,1
4654,2,15.5,2.69,1
4655,2,48.5,10.49,1
4656,2,21.0,5.85,1
4657,2,18.5,5.37,1
4658,2,19.5,2.63,1
4659,2,7.5,1.81,1
4660,2,3.5,0.22,1
4661,1,17.0,3.3,1
4662,2,7.5,1.78,1
4663,2,3.0,0.0,1
4664,2,6.0,0.84,1
4665,2,16.0,2.87,1
4666,2,42.5,12.09,2
4667,2,9.0,2.02,2
4668,2,9.0,1.8,1
4669,2,21.0,4.29,1
4670,2,14.5,3.57,1
4671,2,5.5,0.84,1
4672,2,9.0,2.37,2
4673,2,23.5,7.0,1
4674,2,15.5,2.82,1
4675,1,8.5,0.7,1
4676,1,25.5,7.5,1
4677,2,5.5,0.84,1
4678,2,5.5,1.07,5
4679,2,3.5,0.32,1
4680,2,18.5,3.57,1
4681,2,5.5,0.77,1
4682,1,16.0,4.3,1
4683,2,13.5,2.75,1
4684,2,9.5,2.36,1
4685,2,10.5,2.38,1
4686,2,7.0,1.4,1
4687,2,7.0,1.42,5
4688,2,8.5,1.95,1
4689,1,13.0,3.5,1
4690,2,5.5,1.05,1
4691,1,4.0,0.5,1
4692,1,5.5,0.8,1
4693,2,5.0,0.64,1
4694,2,17.0,3.06,1
4695,2,6.5,1.16,1
4696,1,9.5,1.8,1
4697,1,12.5,2.7,1
4698,2,8.0,1.73,1
4699,2,12.5,2.84,1
4700,2,9.0,1.77,1
4701,2,5.5,0.63,1
4702,2,34.5,9.08,1
4703,2,6.0,1.07,1
4704,2,5.0,0.73,1
4705,2,25.0,5.71,5
4706,2,2.5,0.01,1
4707,1,11.0,2.7,1
4708,2,5.0,0.93,1
4709,2,10.5,2.27,2
4710,1,8.0,2.1,1
4711,2,6.5,0.75,1
4712,1,4.0,0.6,1
4713,2,6.5,0.99,1
4714,1,9.0,1.5,1
4715,2,15.0,3.65,1
4716,2,24.0,8.55,1
4717,1,8.5,1.9,1
4718,2,15.0,3.8,1
4719,2,5.5,0.88,1
4720,1,3.5,0.4,1
4721,2,31.5,10.18,1
4722,2,5.0,0.87,1
4723,1,15.5,5.0,1
4724,2,17.0,4.42,1
4725,2,31.0,9.29,1
4726,2,7.0,1.19,1
4727,2,4.5,0.0,1
4728,1,22.5,4.0,1
4729,2,5.5,1.09,1
4730,2,15.5,4.5,1
4731,1,0.0,0.6,1
4732,1,6.5,1.3,1
4733,2,7.0,1.41,1
4734,2,10.5,1.22,1
4735,2,5.5,0.51,1
4736,2,12.0,3.18,4
4737,1,8.5,1.5,1
4738,2,6.5,1.29,1
4739,1,33.0,9.9,1
4740,1,17.5,5.5,1
4741,1,39.0,12.8,1
4742,2,7.0,1.04,1
4743,1,9.5,1.7,1
4744,1,8.5,1.6,2
4745,2,6.0,0.89,5
4746,1,11.5,2.5,1
4747,1,12.0,2.8,1
4748,2,21.0,4.36,1
4749,2,15.5,3.09,1
4750,2,7.0,1.24,2
4751,2,18.0,3.81,1
4752,2,2.5,0.0,1
4753,2,4.0,0.51,1
4754,2,18.0,4.67,1
4755,2,15.0,4.25,1
4756,2,3.5,0.34,1
4757,2,12.0,2.64,1
4758,2,13.5,3.21,1
4759,2,4.5,0.62,1
4760,1,5.5,1.0,1
4761,1,8.5,1.5,1
4762,2,32.5,10.95,1
4763,1,14.5,3.2,1
4764,2,5.5,0.56,1
4765,1,4.5,0.7,1
4766,2,3.5,0.32,1
4767,2,17.5,4.81,1
4768,2,11.5,2.39,1
4769,2,12.5,3.28,1
4770,2,4.0,0.45,5
4771,2,4.5,0.84,1
4772,2,16.5,3.75,1
4773,2,12.0,3.11,1
4774,2,11.0,2.05,1
4775,2,5.0,0.21,1
4776,2,8.5,1.86,1
4777,2,9.0,2.1,2
4778,2,7.5,1.61,1
4779,2,12.0,2.84,1
4780,2,13.0,3.35,1
4781,2,13.5,3.35,1
4782,2,12.0,2.76,1
4783,1,9.5,1.7,1
4784,2,10.5,1.79,2
4785,1,19.5,4.0,2
4786,2,4.0,0.45,1
4787,2,14.0,3.0,1
4788,1,7.0,0.8,1
4789,2,5.5,0.95,1
4790,2,14.5,2.14,1
4791,2,13.0,4.59,1
4792,2,50.0,0.03,1
4793,2,14.5,3.75,5
4794,2,11.0,2.51,1
4795,2,4.5,0.53,5
4796,2,4.5,0.66,1
4797,1,2.5,1.2,1
4798,2,6.5,1.19,1
4799,2,6.5,1.39,1
4800,2,5.0,0.8,6
4801,2,12.0,2.34,5
4802,2,15.5,4.24,1
4803,1,7.5,1.6,1
4804,2,20.0,5.25,5
4805,1,19.0,5.8,1
4806,2,15.0,2.53,1
4807,2,5.5,0.88,1
4808,2,19.5,5.06,1
4809,1,15.0,3.4,1
4810,1,9.5,2.4,1
4811,1,0.0,1.2,1
4812,1,25.0,7.3,1
4813,2,5.5,1.15,1
4814,2,9.0,0.9,1
4815,2,14.0,4.12,1
4816,2,12.5,3.26,1
4817,2,9.0,1.46,2
4818,1,8.0,1.6,1
4819,2,10.0,2.28,1
4820,2,5.0,0.63,1
4821,2,13.5,2.75,1
4822,2,14.5,3.09,1
4823,2,8.0,1.55,1
4824,1,21.0,6.6,1
4825,2,31.5,5.73,1
4826,1,8.0,1.3,1
4827,2,7.5,1.49,1
4828,2,11.0,2.57,3
4829,2,6.5,1.16,6
4830,2,8.0,1.74,1
4831,2,4.0,0.39,1
4832,2,4.0,0.26,1
4833,1,10.5,1.4,1
4834,1,6.0,0.9,1
4835,2,6.0,0.89,1
4836,1,13.5,3.4,1
4837,1,5.5,0.8,1
4838,2,5.0,1.16,2
4839,1,10.0,2.3,1
4840,1,0.0,1.2,1
4841,2,11.5,1.65,1
4842,2,8.5,2.09,2
4843,2,4.5,0.59,1
4844,2,52.0,0.01,1
4845,2,13.0,3.18,1
4846,2,7.0,1.1,1
4847,2,24.0,8.08,1
4848,2,5.0,0.68,1
4849,2,18.0,5.66,1
4850,2,25.5,8.04,1
4851,2,12.0,3.13,1
4852,2,12.5,2.67,1
4853,2,9.5,2.65,1
4854,1,9.5,1.6,1
4855,2,15.0,3.48,1
4856,2,11.5,2.83,1
4857,1,11.0,2.7,1
4858,2,29.0,9.58,1
4859,2,8.0,1.75,5
4860,1,6.5,1.0,4
4861,1,37.0,10.2,1
4862,2,4.5,0.64,1
4863,1,4.5,0.6,1
4864,2,12.5,3.27,1
4865,1,19.0,3.4,1
4866,2,13.5,3.52,1
4867,2,7.5,1.42,1
4868,2,8.0,1.48,1
4869,2,8.5,1.45,1
4870,1,17.5,4.2,1
4871,1,11.0,2.2,1
4872,2,15.5,4.08,2
4873,2,20.5,6.05,1
4874,2,8.0,0.0,1
4875,2,4.5,0.43,1
4876,1,2.5,0.0,1
4877,1,5.5,0.7,1
4878,2,17.5,5.35,1
4879,2,4.0,0.62,1
4880,1,8.0,1.5,1
4881,2,2.5,0.0,1
4882,2,8.0,1.88,1
4883,2,23.0,6.1,1
4884,2,6.0,1.25,5
4885,1,9.0,2.1,1
4886,1,4.5,0.7,1
4887,2,0.0,0.0,1
4888,2,6.0,1.11,1
4889,2,7.0,1.2,1
4890,2,17.0,4.2,1
4891,2,6.0,1.02,1
4892,2,10.5,2.63,1
4893,2,4.5,0.52,1
4894,2,8.0,1.21,1
4895,2,14.0,2.94,1
4896,2,33.5,11.32,1
4897,1,11.5,2.6,1
4898,2,4.0,0.5,1
4899,2,30.5,8.57,1
4900,2,6.5,1.39,1
4901,2,13.5,3.74,1
4902,2,11.0,2.37,1
4903,1,13.5,3.6,1
4904,2,6.5,1.17,1
4905,2,5.0,0.53,1
4906,2,13.5,2.38,1
4907,2,5.0,0.66,1
4908,2,8.0,1.98,1
4909,2,9.5,1.77,1
4910,2,6.5,1.09,1
4911,2,17.0,4.0,1
4912,2,8.5,1.63,1
4913,1,14.0,3.9,2
4914,1,4.5,0.6,1
4915,1,14.0,3.8,1
4916,2,7.0,0.94,1
4917,2,10.5,2.88,1
4918,2,11.0,2.84,1
4919,2,11.5,2.96,1
4920,1,55.0,12.1,1
4921,2,12.5,3.48,1
4922,2,23.5,4.7,1
4923,2,9.0,1.96,6
4924,2,22.0,6.05,2
4925,2,6.5,1.32,1
4926,2,6.5,1.31,1
4927,2,9.5,1.16,1
4928,2,6.5,1.66,3
4929,2,6.5,0.79,1
4930,1,6.0,1.3,1
4931,2,5.0,0.43,1
4932,1,7.5,1.3,1
4933,2,9.0,1.69,1
4934,1,11.5,2.4,1
4935,2,6.5,1.15,1
4936,2,8.5,2.08,1
4937,1,15.0,1.8,1
4938,1,9.0,0.9,1
4939,1,8.5,1.9,1
4940,2,9.5,2.42,1
4941,2,6.0,0.69,2
4942,1,4.5,0.7,3
4943,2,21.5,7.33,1
4944,2,10.5,2.05,1
4945,2,5.5,0.99,6
4946,2,5.0,1.0,1
4947,2,24.5,7.8,1
4948,2,21.5,5.55,1
4949,2,8.5,1.42,1
4950,1,20.0,6.6,1
4951,1,8.5,1.8,1
4952,2,5.0,1.08,1
4953,2,13.0,2.39,1
4954,2,10.5,2.1,1
4955,1,8.5,1.8,1
4956,1,7.0,1.6,1
4957,2,5.0,0.78,5
4958,2,23.5,7.04,1
4959,2,8.5,1.84,1
4960,2,36.0,10.01,1
4961,2,4.5,0.7,1
4962,2,14.5,3.92,1
4963,1,6.5,1.2,1
4964,2,18.5,4.9,1
4965,2,28.0,10.19,1
4966,2,5.5,1.19,1
4967,2,15.0,3.82,1
4968,2,8.5,1.89,1
4969,1,10.5,2.4,1
4970,2,12.5,3.13,1
4971,2,62.0,22.67,5
4972,2,4.5,0.47,1
4973,2,5.0,0.65,1
4974,1,7.5,1.4,1
4975,1,38.0,13.0,1
4976,1,9.0,2.3,2
4977,2,40.5,12.4,2
4978,2,6.5,1.02,1
4979,2,26.0,8.96,1
4980,2,22.0,3.23,1
4981,2,8.5,1.17,1
4982,2,12.5,2.75,1
4983,2,9.5,1.55,1
4984,2,5.0,0.78,2
4985,2,7.0,1.34,1
4986,2,9.5,1.89,1
4987,2,4.5,0.66,1
4988,2,6.5,1.11,1
4989,2,19.5,6.03,1
4990,1,8.0,1.3,1
4991,2,10.5,2.17,1
4992,2,34.0,10.53,1
4993,2,6.5,1.01,1
4994,1,28.5,6.4,2
4995,2,28.5,8.74,1
4996,2,11.5,2.36,1
4997,2,8.0,2.06,1
4998,2,5.0,0.73,1
4999,1,10.5,2.5,1
