vendorID,tpepPickupDateTime,tpepDropoffDateTime,passengerCount,tripDistance,puLocationId,doLocationId,startLon,startLat,endLon,endLat,rateCodeId,storeAndFwdFlag,paymentType,fareAmount,extra,mtaTax,improvementSurcharge,tipAmount,tollsAmount,totalAmount
2,2016-01-01 02:12:14,2016-01-01 02:56:03,1,10.66,,,0.0,0.0,0.0,0.0,1,N,1,37.0,0.5,0.5,0.3,7.66,0.0,45.96
1,2016-01-15 19:53:25,2016-01-15 20:08:52,2,1.5,,,-73.97860717773438,40.785972595214844,-73.97930145263672,40.765403747558594,1,N,1,11.0,1.0,0.5,0.3,2.0,0.0,14.8
2,2016-01-14 23:11:32,2016-01-14 23:32:13,1,2.02,,,-74.00431823730469,40.74229049682617,-73.99220275878906,40.72129821777344,1,N,2,14.0,0.5,0.5,0.3,0.0,0.0,15.3
2,2016-01-03 12:26:58,2016-01-03 12:35:25,3,1.14,,,-74.00814819335938,40.74714279174805,-73.99390411376953,40.74151611328125,1,N,1,7.5,0.0,0.5,0.3,1.7,0.0,10.0
2,2016-01-16 00:53:15,2016-01-16 01:00:19,1,1.36,,,-73.98773193359375,40.7652473449707,-73.974609375,40.77823257446289,1,N,1,7.0,0.5,0.5,0.3,2.49,0.0,10.79
2,2016-01-22 16:03:20,2016-01-22 16:09:50,2,1.01,,,-73.97898864746094,40.77830123901367,-73.97797393798828,40.788963317871094,1,N,1,6.5,1.0,0.5,0.3,1.66,0.0,9.96
2,2016-01-26 08:35:16,2016-01-26 08:41:44,1,0.7,,,-73.99695587158203,40.725440979003906,-74.00537872314453,40.72800827026367,1,N,1,5.5,0.0,0.5,0.3,1.26,0.0,7.56
2,2016-01-14 14:55:01,2016-01-14 14:58:42,5,0.44,,,-73.9555892944336,40.779354095458984,-73.94718933105469,40.775936126708984,1,N,2,4.5,0.0,0.5,0.3,0.0,0.0,5.3
2,2016-01-14 11:58:47,2016-01-14 12:02:37,3,0.54,,,-73.96797180175781,40.76274871826172,-73.9727783203125,40.755977630615234,1,N,1,4.5,0.0,0.5,0.3,1.32,0.0,6.62
1,2016-01-21 21:26:56,2016-01-21 21:53:31,1,6.5,,,-73.95895385742188,40.77169418334961,-74.01235961914062,40.716888427734375,1,N,1,23.5,0.5,0.5,0.3,6.2,0.0,31.0
2,2016-01-22 19:12:56,2016-01-22 19:27:03,2,2.22,,,-73.97891235351562,40.756591796875,-73.97357177734375,40.738128662109375,1,N,2,11.0,1.0,0.5,0.3,0.0,0.0,12.8
1,2016-01-01 02:42:42,2016-01-01 02:59:42,3,3.6,,,-73.99639129638672,40.76362228393555,-73.98332214355469,40.726558685302734,1,N,2,14.0,0.5,0.5,0.3,0.0,0.0,15.3
1,2016-01-10 10:11:38,2016-01-10 10:19:06,1,2.2,,,-73.98216247558594,40.76863479614258,-73.99869537353516,40.73994445800781,1,N,2,8.5,0.0,0.5,0.3,0.0,0.0,9.3
2,2016-01-15 16:14:26,2016-01-15 16:16:44,1,0.54,,,-73.99327850341797,40.74747085571289,-73.99884796142578,40.74229049682617,1,N,1,4.0,1.0,0.5,0.3,1.16,0.0,6.96
1,2016-01-30 00:50:44,2016-01-30 01:03:54,1,2.7,,,-73.987060546875,40.73330307006836,-74.00274658203125,40.760597229003906,1,N,1,12.0,0.5,0.5,0.3,2.0,0.0,15.3
2,2016-01-01 22:42:36,2016-01-01 22:55:32,1,2.8,,,-73.99337005615234,40.72469711303711,-73.96610260009766,40.7537841796875,1,N,1,11.5,0.5,0.5,0.3,1.5,0.0,14.3
1,2016-01-23 02:50:54,2016-01-23 02:55:40,1,0.8,,,-73.90274810791016,40.74598693847656,-73.88660430908203,40.74463653564453,1,N,2,5.0,0.5,0.5,0.3,0.0,0.0,6.3
1,2016-01-11 08:20:44,2016-01-11 08:40:15,1,1.9,,,-73.98091888427734,40.77404022216797,-73.96331787109375,40.75770950317383,1,N,1,13.0,0.0,0.5,0.3,2.2,0.0,16.0
1,2016-01-11 17:42:59,2016-01-11 17:48:30,1,0.6,,,-74.00117492675781,40.72742462158203,-73.99364471435547,40.72173309326172,1,N,2,5.5,1.0,0.5,0.3,0.0,0.0,7.3
1,2016-01-21 22:51:58,2016-01-21 23:00:27,2,3.1,,,-74.00470733642578,40.708335876464844,-73.99041748046875,40.72071075439453,1,N,1,11.5,0.5,0.5,0.3,2.56,0.0,15.36
1,2016-01-09 13:44:43,2016-01-09 13:52:16,1,1.5,,,-73.97982788085938,40.78609848022461,-73.96260070800781,40.79909896850586,1,N,2,8.0,0.0,0.5,0.3,0.0,0.0,8.8
2,2016-01-21 13:57:38,2016-01-21 14:13:05,1,1.32,,,-73.98826599121094,40.756103515625,-73.97513580322266,40.76520538330078,1,N,1,11.0,0.0,0.5,0.3,2.95,0.0,14.75
1,2016-01-26 15:28:19,2016-01-26 15:33:44,1,0.6,,,-73.96330261230469,40.77767562866211,-73.9664535522461,40.770591735839844,1,N,1,5.5,0.0,0.5,0.3,1.25,0.0,7.55
1,2016-01-25 18:39:53,2016-01-25 18:54:55,1,1.8,,,-73.99009704589844,40.73517990112305,-73.99633026123047,40.752437591552734,1,N,2,11.0,1.0,0.5,0.3,0.0,0.0,12.8
1,2016-01-01 02:19:16,2016-01-01 02:23:45,2,0.9,,,-73.98625946044922,40.72826385498047,-73.97545623779297,40.733070373535156,1,N,2,5.5,0.5,0.5,0.3,0.0,0.0,6.8
2,2016-01-05 01:26:30,2016-01-05 01:33:42,6,2.2,,,-73.98429107666016,40.75471115112305,-74.0049819946289,40.729698181152344,1,N,1,8.5,0.5,0.5,0.3,1.96,0.0,11.76
2,2016-01-20 21:07:15,2016-01-20 21:11:56,1,0.75,,,-73.96292114257812,40.77519607543945,-73.95308685302734,40.77680969238281,1,N,1,5.0,0.5,0.5,0.3,1.26,0.0,7.56
1,2016-01-13 13:50:22,2016-01-13 13:52:49,1,0.5,,,-73.9573745727539,40.77424240112305,-73.9561767578125,40.77967071533203,1,N,1,4.0,0.0,0.5,0.3,1.0,0.0,5.8
1,2016-01-27 21:37:35,2016-01-27 21:43:22,2,0.6,,,-73.98764038085938,40.75613021850586,-73.99121856689453,40.75043869018555,1,N,2,5.5,0.5,0.5,0.3,0.0,0.0,6.8
1,2016-01-21 13:23:38,2016-01-21 13:33:24,1,1.9,,,-73.960693359375,40.77007293701172,-73.97855377197266,40.77772521972656,1,N,1,9.0,0.0,0.5,0.3,1.95,0.0,11.75
1,2016-01-17 22:06:42,2016-01-17 22:09:33,1,0.9,,,-73.98100280761719,40.738040924072266,-73.98897552490234,40.72695541381836,1,N,1,4.5,0.5,0.5,0.3,1.15,0.0,6.95
2,2016-01-01 01:44:38,2016-01-01 01:54:04,2,0.78,,,-73.97884368896484,40.76170349121094,-73.98040008544922,40.75428771972656,1,N,2,7.5,0.5,0.5,0.3,0.0,0.0,8.8
2,2016-01-17 08:45:47,2016-01-17 08:49:02,1,0.84,,,-73.9576416015625,40.769893646240234,-73.96157836914062,40.77718734741211,1,N,1,5.0,0.0,0.5,0.3,1.16,0.0,6.96
2,2016-01-06 22:48:37,2016-01-06 22:55:38,5,1.62,,,-73.9999008178711,40.728519439697266,-74.01004791259766,40.7099494934082,1,N,2,7.5,0.5,0.5,0.3,0.0,0.0,8.8
1,2016-01-27 10:15:06,2016-01-27 10:29:10,1,1.5,,,-73.97982025146484,40.75499725341797,-73.98660278320312,40.73629379272461,1,N,2,10.0,0.0,0.5,0.3,0.0,0.0,10.8
1,2016-01-19 15:12:49,2016-01-19 15:15:47,1,0.3,,,-73.9866714477539,40.7400016784668,-73.98297119140625,40.742977142333984,1,N,1,4.0,0.0,0.5,0.3,1.0,0.0,5.8
1,2016-01-29 00:05:36,2016-01-29 00:17:53,1,2.1,,,-74.00547790527344,40.74081039428711,-73.97915649414062,40.750213623046875,1,N,1,10.0,0.5,0.5,0.3,2.25,0.0,13.55
1,2016-01-12 08:11:31,2016-01-12 08:40:13,1,6.9,,,-73.95289611816406,40.77600860595703,-74.00418090820312,40.70741653442383,1,N,1,26.5,0.0,0.5,0.3,3.85,0.0,31.15
1,2016-01-27 08:35:38,2016-01-27 08:47:41,1,1.0,,,0.0,0.0,0.0,0.0,1,N,1,8.5,0.0,0.5,0.3,1.85,0.0,11.15
1,2016-01-17 11:59:10,2016-01-17 12:03:52,1,1.1,,,-73.98817443847656,40.754608154296875,-74.0001449584961,40.74300765991211,1,N,2,5.5,0.0,0.5,0.3,0.0,0.0,6.3
2,2016-01-20 14:46:36,2016-01-20 14:54:08,2,0.94,,,-73.95597839355469,40.78194046020508,-73.94519805908203,40.77436828613281,1,N,1,7.0,0.0,0.5,0.3,1.56,0.0,9.36
1,2016-01-15 18:58:19,2016-01-15 19:16:47,4,2.5,,,-73.99021911621094,40.72934341430664,-73.98468017578125,40.75729751586914,1,N,2,13.5,1.0,0.5,0.3,0.0,0.0,15.3
1,2016-01-22 19:21:27,2016-01-22 19:54:25,1,6.3,,,-73.97876739501953,40.75433349609375,-73.91498565673828,40.783077239990234,1,N,1,25.5,1.0,0.5,0.3,5.0,0.0,32.3
1,2016-01-10 00:42:03,2016-01-10 01:19:38,2,7.4,,,-73.99683380126953,40.74482345581055,-73.92647552490234,40.68308639526367,1,N,2,28.5,0.5,0.5,0.3,0.0,0.0,29.8
2,2016-01-02 23:27:54,2016-01-02 23:33:14,1,1.07,,,-73.98873901367188,40.7310905456543,-73.98021697998047,40.744239807128906,1,N,1,6.0,0.5,0.5,0.3,1.46,0.0,8.76
1,2016-01-22 11:31:28,2016-01-22 11:48:14,1,6.7,,,-74.01566314697266,40.71445083618164,-73.97017669677734,40.757835388183594,1,N,1,21.0,0.0,0.5,0.3,4.35,0.0,26.15
2,2016-01-12 08:13:07,2016-01-12 08:30:34,1,4.1,,,-73.97428894042969,40.73702621459961,-74.0127182006836,40.70185470581055,1,N,1,17.5,0.0,0.5,0.3,1.0,0.0,19.3
1,2016-01-20 08:32:01,2016-01-20 08:59:12,1,5.9,,,-73.98239135742188,40.78254318237305,-74.0152587890625,40.71141815185547,1,N,1,22.0,0.0,0.5,0.3,4.55,0.0,27.35
2,2016-01-19 15:36:18,2016-01-19 15:49:49,5,1.99,,,-73.98332214355469,40.75577163696289,-73.96228790283203,40.77288055419922,1,N,1,11.0,0.0,0.5,0.3,2.36,0.0,14.16
1,2016-01-12 20:32:29,2016-01-12 20:49:24,1,7.8,,,-73.87309265136719,40.7741813659668,-73.96755981445312,40.71104049682617,1,N,1,23.5,0.5,0.5,0.3,5.0,0.0,29.8
2,2016-01-28 10:09:00,2016-01-28 10:16:06,1,0.97,,,-73.98055267333984,40.76433181762695,-73.99076843261719,40.762611389160156,1,N,2,6.5,0.0,0.5,0.3,0.0,0.0,7.3
2,2016-01-04 10:28:43,2016-01-04 10:34:18,2,1.2,,,-73.95970916748047,40.76268005371094,-73.94873046875,40.77391815185547,1,N,1,6.0,0.0,0.5,0.3,1.0,0.0,7.8
1,2016-01-29 08:45:28,2016-01-29 08:51:53,1,0.5,,,-73.95545959472656,40.77679443359375,-73.96281433105469,40.77495193481445,1,N,1,5.5,0.0,0.5,0.3,0.7,0.0,7.0
2,2016-01-25 18:15:19,2016-01-25 18:42:24,1,2.3,,,-73.96142578125,40.777095794677734,-73.98766326904297,40.76966094970703,1,N,1,16.5,1.0,0.5,0.3,3.66,0.0,21.96
2,2016-01-05 15:20:35,2016-01-05 15:33:18,1,2.48,,,-73.98087310791016,40.78245162963867,-73.99111938476562,40.750370025634766,1,N,1,11.0,0.0,0.5,0.3,2.36,0.0,14.16
2,2016-01-22 19:48:01,2016-01-22 19:58:01,1,1.12,,,-73.99308013916016,40.751953125,-73.9743881225586,40.744293212890625,1,N,1,8.0,1.0,0.5,0.3,1.0,0.0,10.8
2,2016-01-16 13:06:55,2016-01-16 13:16:36,1,0.82,,,-73.994140625,40.751220703125,-73.98597717285156,40.758670806884766,1,N,1,7.5,0.0,0.5,0.3,1.66,0.0,9.96
2,2016-01-04 08:35:42,2016-01-04 08:42:48,1,0.59,,,-73.9496078491211,40.7711296081543,-73.95714569091797,40.76593780517578,1,N,2,5.5,0.0,0.5,0.3,0.0,0.0,6.3
1,2016-01-03 22:18:03,2016-01-03 22:26:34,1,2.6,,,-73.99224853515625,40.74830627441406,-73.99685668945312,40.718055725097656,1,N,1,9.5,0.5,0.5,0.3,2.16,0.0,12.96
1,2016-01-30 10:38:21,2016-01-30 10:50:46,1,1.8,,,-73.94995880126953,40.7761344909668,-73.97067260742188,40.76485061645508,1,N,1,10.0,0.0,0.5,0.3,0.5,0.0,11.3
2,2016-01-17 22:55:24,2016-01-17 23:00:30,1,0.81,,,-73.9858627319336,40.75762176513672,-73.97429656982422,40.75688171386719,1,N,2,5.5,0.5,0.5,0.3,0.0,0.0,6.8
1,2016-01-24 16:53:00,2016-01-24 16:59:56,1,1.1,,,-73.97846221923828,40.78327560424805,-73.98442840576172,40.76974868774414,1,N,1,6.5,0.0,0.5,0.3,0.73,0.0,8.03
1,2016-01-18 10:33:32,2016-01-18 10:38:11,1,0.9,,,-73.97013092041016,40.76218795776367,-73.95865631103516,40.76906967163086,1,N,2,5.5,0.0,0.5,0.3,0.0,0.0,6.3
1,2016-01-19 22:04:43,2016-01-19 22:17:33,1,2.6,,,-73.97627258300781,40.75967025756836,-74.00018310546875,40.72861862182617,1,N,2,11.0,0.5,0.5,0.3,0.0,0.0,12.3
1,2016-01-13 19:02:56,2016-01-13 19:23:40,2,4.8,,,-74.011962890625,40.70365524291992,-73.98970031738281,40.75870132446289,1,N,1,18.0,1.0,0.5,0.3,3.95,0.0,23.75
2,2016-01-26 18:24:13,2016-01-26 18:39:45,1,1.1,,,-73.962890625,40.76662063598633,-73.98046875,40.77336883544922,1,N,1,10.0,1.0,0.5,0.3,1.0,0.0,12.8
2,2016-01-11 05:39:32,2016-01-11 05:46:15,1,1.05,,,-74.01145935058594,40.70944595336914,-74.00508880615234,40.71372985839844,1,N,1,6.5,0.5,0.5,0.3,1.5,0.0,9.3
1,2016-01-10 05:02:55,2016-01-10 05:30:01,1,9.4,,,-73.98966217041016,40.7301025390625,-73.86000061035156,40.75224685668945,1,N,2,29.5,0.5,0.5,0.3,0.0,0.0,30.8
2,2016-01-02 17:16:43,2016-01-02 17:33:38,1,2.44,,,-73.95648956298828,40.76704025268555,-73.98243713378906,40.78232955932617,1,N,1,13.0,0.0,0.5,0.3,3.45,0.0,17.25
1,2016-01-14 19:25:01,2016-01-14 19:29:51,1,1.0,,,-73.97449493408203,40.78305435180664,-73.95946502685547,40.77523422241211,1,N,2,5.5,1.0,0.5,0.3,0.0,0.0,7.3
2,2016-01-26 07:17:38,2016-01-26 07:27:25,3,2.03,,,-73.96887969970703,40.76451873779297,-73.99275970458984,40.75144958496094,1,N,1,9.0,0.0,0.5,0.3,5.0,0.0,14.8
1,2016-01-05 21:23:21,2016-01-05 21:31:55,1,1.5,,,-73.9820556640625,40.76228332519531,-73.9626693725586,40.767208099365234,1,N,1,8.0,0.5,0.5,0.3,1.85,0.0,11.15
1,2016-01-01 02:53:23,2016-01-01 03:15:29,2,11.2,,,0.0,0.0,0.0,0.0,1,N,1,32.5,0.5,0.5,0.3,0.01,0.0,33.81
2,2016-01-22 12:41:43,2016-01-22 12:53:24,1,1.34,,,-73.98464965820312,40.778018951416016,-73.96914672851562,40.76744079589844,1,N,1,8.5,0.0,0.5,0.3,2.32,0.0,11.62
2,2016-01-02 23:07:06,2016-01-02 23:10:40,1,0.98,,,-73.95487976074219,40.76934814453125,-73.95645141601562,40.778541564941406,1,N,2,5.0,0.5,0.5,0.3,0.0,0.0,6.3
1,2016-01-12 01:45:39,2016-01-12 02:08:24,3,6.1,,,-73.99012756347656,40.718441009521484,-73.95099639892578,40.687294006347656,1,N,2,21.0,0.5,0.5,0.3,0.0,0.0,22.3
1,2016-01-18 09:53:27,2016-01-18 09:58:24,1,0.6,,,-73.95214080810547,40.7730712890625,-73.95983123779297,40.77342224121094,1,N,1,5.0,0.0,0.5,0.3,1.15,0.0,6.95
2,2016-01-10 13:26:23,2016-01-10 13:35:37,2,1.55,,,-73.97689819335938,40.751564025878906,-73.97075653076172,40.76750946044922,1,N,1,8.0,0.0,0.5,0.3,1.76,0.0,10.56
2,2016-01-20 14:44:49,2016-01-20 14:49:03,5,0.31,,,-73.97473907470703,40.755435943603516,-73.97401428222656,40.75518035888672,1,N,2,4.5,0.0,0.5,0.3,0.0,0.0,5.3
1,2016-01-19 11:11:11,2016-01-19 11:19:30,1,1.5,,,-73.9745864868164,40.78843688964844,-73.95345306396484,40.78844451904297,1,N,1,8.0,0.0,0.5,0.3,1.75,0.0,10.55
2,2016-01-14 17:28:00,2016-01-14 18:24:55,1,18.19,,,-73.7879867553711,40.64147186279297,-73.9697494506836,40.76054000854492,2,N,1,52.0,0.0,0.5,0.3,8.0,5.54,66.34
2,2016-01-15 16:30:40,2016-01-15 17:03:43,6,5.89,,,-74.00341033935547,40.74855041503906,-73.94799041748047,40.802249908447266,1,N,2,24.0,1.0,0.5,0.3,0.0,0.0,25.8
2,2016-01-18 04:30:32,2016-01-18 04:34:46,1,1.08,,,-73.98502349853516,40.764060974121094,-73.96997833251953,40.75979995727539,1,N,1,5.5,0.5,0.5,0.3,1.7,0.0,8.5
2,2016-01-20 14:55:51,2016-01-20 15:00:29,1,0.68,,,-73.96208953857422,40.77632141113281,-73.95397186279297,40.779090881347656,1,N,2,5.0,0.0,0.5,0.3,0.0,0.0,5.8
2,2016-01-10 02:16:22,2016-01-10 02:29:34,1,3.68,,,-73.98080444335938,40.72982406616211,-73.94928741455078,40.77168655395508,1,N,1,13.0,0.5,0.5,0.3,2.86,0.0,17.16
2,2016-01-29 04:21:34,2016-01-29 04:34:55,3,6.71,,,-73.92091369628906,40.75661087036133,-73.86299133300781,40.734779357910156,1,N,1,20.0,0.5,0.5,0.3,4.26,0.0,25.56
1,2016-01-04 14:25:22,2016-01-04 14:32:50,1,1.1,,,-73.96050262451172,40.8076171875,-73.95143127441406,40.80270767211914,1,N,1,7.0,0.0,0.5,0.3,1.56,0.0,9.36
2,2016-01-01 09:58:25,2016-01-01 10:13:52,1,9.15,,,-73.96197509765625,40.763755798339844,-73.87528991699219,40.770355224609375,1,N,1,26.5,0.0,0.5,0.3,6.57,5.54,39.41
1,2016-01-30 04:01:00,2016-01-30 04:10:08,3,0.5,,,-73.98431396484375,40.72487258911133,-73.98881530761719,40.72119140625,1,N,1,7.0,0.5,0.5,0.3,1.0,0.0,9.3
1,2016-01-05 08:38:09,2016-01-05 08:42:09,1,0.6,,,-73.98558044433594,40.76742935180664,-73.97398376464844,40.76353454589844,1,Y,1,5.0,0.0,0.5,0.3,1.15,0.0,6.95
1,2016-01-25 16:59:42,2016-01-25 17:04:55,1,0.7,,,-73.97865295410156,40.75422668457031,-73.9727554321289,40.76235580444336,1,N,1,5.0,1.0,0.5,0.3,1.35,0.0,8.15
1,2016-01-24 14:04:00,2016-01-24 14:17:40,1,3.0,,,-73.97823333740234,40.788116455078125,-74.00572204589844,40.750823974609375,1,N,1,12.0,0.0,0.5,0.3,1.0,0.0,13.8
2,2016-01-10 16:23:31,2016-01-10 16:44:37,1,3.89,,,-74.00840759277344,40.74623107910156,-73.9870376586914,40.77912139892578,1,N,1,17.5,0.0,0.5,0.3,3.66,0.0,21.96
2,2016-01-09 08:53:46,2016-01-09 09:09:43,5,4.87,,,-73.95381164550781,40.770729064941406,-73.99452209472656,40.73482894897461,1,N,2,17.5,0.0,0.5,0.3,0.0,0.0,18.3
1,2016-01-22 23:30:26,2016-01-22 23:37:21,3,1.0,,,-73.98011779785156,40.74577331542969,-73.9927978515625,40.74127960205078,1,N,1,6.5,0.5,0.5,0.3,1.55,0.0,9.35
1,2016-01-16 18:59:27,2016-01-16 19:05:05,1,0.8,,,-74.0090103149414,40.71393966674805,-74.00760650634766,40.725669860839844,1,N,2,5.5,0.0,0.5,0.3,0.0,0.0,6.3
2,2016-01-28 22:32:08,2016-01-28 23:10:10,1,4.44,,,-73.97341918945312,40.79283905029297,-73.97737121582031,40.746280670166016,1,N,1,25.5,0.5,0.5,0.3,8.04,0.0,34.84
2,2016-01-06 22:30:48,2016-01-06 22:35:48,1,1.27,,,-74.00210571289062,40.729576110839844,-74.00408172607422,40.716739654541016,1,N,1,6.0,0.5,0.5,0.3,1.82,0.0,9.12
2,2016-01-20 06:43:46,2016-01-20 06:54:22,1,4.72,,,-73.97547149658203,40.75244140625,-74.00332641601562,40.70817947387695,1,N,2,15.5,0.0,0.5,0.3,0.0,0.0,16.3
1,2016-01-07 08:36:50,2016-01-07 08:42:51,1,1.0,,,-73.95970916748047,40.77159118652344,-73.95652770996094,40.78293991088867,1,N,1,6.0,0.0,0.5,0.3,1.0,0.0,7.8
1,2016-01-08 14:16:09,2016-01-08 14:21:43,1,0.9,,,-73.99064636230469,40.77092742919922,-73.98110961914062,40.7794303894043,1,N,1,6.0,0.0,0.5,0.3,1.36,0.0,8.16
2,2016-01-13 07:07:11,2016-01-13 07:21:55,2,4.18,,,-73.94534301757812,40.77872848510742,-73.98993682861328,40.751590728759766,1,N,1,15.5,0.0,0.5,0.3,3.0,0.0,19.3
1,2016-01-28 17:51:58,2016-01-28 18:02:47,1,3.5,,,-73.8728256225586,40.77379608154297,-73.84883880615234,40.73896026611328,1,N,2,12.0,1.0,0.5,0.3,0.0,0.0,13.8
2,2016-01-25 18:29:39,2016-01-25 18:36:09,1,0.7,,,-73.98512268066406,40.74190139770508,-73.97865295410156,40.75088119506836,1,N,1,6.0,1.0,0.5,0.3,1.56,0.0,9.36
1,2016-01-15 10:32:40,2016-01-15 10:40:14,1,1.7,,,-73.96149444580078,40.774375915527344,-73.97313690185547,40.79005813598633,1,N,2,8.0,0.0,0.5,0.3,0.0,0.0,8.8
1,2016-01-05 00:08:13,2016-01-05 00:14:11,1,1.2,,,-73.9762954711914,40.73959732055664,-73.99171447753906,40.74897766113281,1,N,1,6.5,0.5,0.5,0.3,0.0,0.0,7.8
1,2016-01-21 10:16:00,2016-01-21 10:38:22,1,3.0,,,-73.96154022216797,40.75548553466797,-73.95225524902344,40.79022979736328,1,N,2,16.5,0.0,0.5,0.3,0.0,0.0,17.3
2,2016-01-25 10:07:58,2016-01-25 10:10:48,1,0.42,,,-73.95671081542969,40.76683044433594,-73.96192169189453,40.77027893066406,1,N,1,4.0,0.0,0.5,0.3,1.2,0.0,6.0
2,2016-01-21 11:50:33,2016-01-21 12:00:26,1,1.16,,,-73.95729064941406,40.76181411743164,-73.95023345947266,40.775596618652344,1,N,1,8.0,0.0,0.5,0.3,1.5,0.0,10.3
2,2016-01-16 00:09:23,2016-01-16 00:28:45,1,9.13,,,-73.87450408935547,40.77404022216797,-73.98576354980469,40.721527099609375,1,N,1,27.5,0.5,0.5,0.3,5.76,0.0,34.56
1,2016-01-14 21:12:07,2016-01-14 21:16:00,1,0.7,,,-73.99877166748047,40.734771728515625,-73.98687744140625,40.729942321777344,1,N,1,5.0,0.5,0.5,0.3,1.85,0.0,8.15
1,2016-01-10 10:51:39,2016-01-10 11:00:08,1,1.3,,,-73.98577880859375,40.758792877197266,-73.99464416503906,40.750484466552734,1,N,2,7.5,0.0,0.5,0.3,0.0,0.0,8.3
1,2016-01-03 06:06:54,2016-01-03 06:10:57,1,0.8,,,-73.93942260742188,40.80528259277344,-73.94058990478516,40.81428909301758,1,N,1,5.5,0.0,0.5,0.3,0.0,0.0,6.3
2,2016-01-30 22:40:30,2016-01-30 22:52:35,1,2.18,,,-73.97920227050781,40.785221099853516,-73.9925765991211,40.75687026977539,1,N,2,10.5,0.5,0.5,0.3,0.0,0.0,11.8
2,2016-01-09 19:50:57,2016-01-09 20:14:25,1,3.58,,,-73.98609924316406,40.75645065307617,-73.9773178100586,40.78622817993164,1,N,1,18.0,0.0,0.5,0.3,3.76,0.0,22.56
2,2016-01-20 02:56:52,2016-01-20 02:58:32,1,0.05,,,-73.98625183105469,40.60268020629883,-73.98890686035156,40.60321044921875,1,N,2,3.0,0.5,0.5,0.3,0.0,0.0,4.3
2,2016-01-15 14:53:33,2016-01-15 15:34:40,5,13.57,,,-73.94779968261719,40.78324890136719,-74.02230072021484,40.6473503112793,1,N,1,40.5,0.0,0.5,0.3,8.26,0.0,49.56
1,2016-01-20 23:28:11,2016-01-20 23:39:31,1,2.1,,,-73.99018859863281,40.72890853881836,-74.00546264648438,40.70840072631836,1,N,1,9.5,0.5,0.5,0.3,2.15,0.0,12.95
1,2016-01-10 14:18:56,2016-01-10 14:38:55,2,5.7,,,-73.9661865234375,40.794830322265625,-73.9961929321289,40.74018478393555,1,N,2,20.0,0.0,0.5,0.3,0.0,0.0,20.8
2,2016-01-04 19:14:55,2016-01-04 19:35:38,1,2.64,,,-73.98091888427734,40.78445816040039,-73.98207092285156,40.77473831176758,1,N,1,15.0,1.0,0.5,0.3,3.2,0.0,20.0
1,2016-01-08 18:35:18,2016-01-08 18:47:15,1,1.3,,,-73.9739990234375,40.75275421142578,-73.99143981933594,40.7492561340332,1,N,1,9.0,1.0,0.5,0.3,5.0,0.0,15.8
2,2016-01-15 13:23:06,2016-01-15 13:35:34,1,2.5,,,-73.96598052978516,40.80538558959961,-73.9876480102539,40.77933883666992,1,N,1,11.0,0.0,0.5,0.3,2.36,0.0,14.16
2,2016-01-15 21:30:06,2016-01-15 21:46:03,1,1.98,,,-73.99112701416016,40.739341735839844,-73.98404693603516,40.721458435058594,1,N,1,11.5,0.5,0.5,0.3,2.56,0.0,15.36
1,2016-01-17 00:12:40,2016-01-17 00:17:30,1,0.8,,,-73.9775161743164,40.75813674926758,-73.9825439453125,40.75117492675781,1,N,2,5.5,0.5,0.5,0.3,0.0,0.0,6.8
2,2016-01-25 08:27:37,2016-01-25 09:15:42,1,9.0,,,-73.96614837646484,40.78959274291992,-73.86121368408203,40.767906188964844,1,N,1,38.0,0.0,0.5,0.3,8.87,5.54,53.21
2,2016-01-06 17:59:32,2016-01-06 18:09:19,1,1.65,,,-73.98077392578125,40.7658576965332,-74.00267028808594,40.76066589355469,1,N,1,8.5,1.0,0.5,0.3,2.06,0.0,12.36
1,2016-01-15 17:16:46,2016-01-15 18:17:25,1,17.4,,,-73.78816223144531,40.64160919189453,-73.91300964355469,40.704524993896484,1,N,2,56.5,1.0,0.5,0.3,0.0,0.0,58.3
1,2016-01-07 18:12:32,2016-01-07 18:21:10,1,1.3,,,-73.96135711669922,40.76447296142578,-73.97537231445312,40.75190353393555,1,N,1,7.5,1.0,0.5,0.3,1.85,0.0,11.15
2,2016-01-27 10:16:54,2016-01-27 10:39:02,1,2.32,,,-73.9713363647461,40.78764724731445,-73.98148345947266,40.760196685791016,1,N,1,14.5,0.0,0.5,0.3,3.06,0.0,18.36
2,2016-01-01 17:50:51,2016-01-01 17:58:04,1,1.64,,,-74.0049057006836,40.74101638793945,-73.98753356933594,40.74079513549805,1,N,1,7.5,0.0,0.5,0.3,2.08,0.0,10.38
2,2016-01-06 22:48:57,2016-01-06 22:58:57,1,1.7,,,-73.98404693603516,40.72113037109375,-74.009033203125,40.73196029663086,1,N,1,9.0,0.5,0.5,0.3,1.2,0.0,11.5
2,2016-01-20 20:51:01,2016-01-20 20:57:51,1,0.85,,,-74.0042724609375,40.725563049316406,-73.99504089355469,40.71870422363281,1,N,1,6.0,0.5,0.5,0.3,2.19,0.0,9.49
2,2016-01-20 19:05:45,2016-01-20 19:09:52,1,0.61,,,-74.00747680664062,40.71577072143555,-74.00299835205078,40.72341537475586,1,N,1,5.0,1.0,0.5,0.3,1.7,0.0,8.5
2,2016-01-11 18:00:05,2016-01-11 18:11:58,5,2.04,,,-73.9783935546875,40.75672149658203,-73.9786605834961,40.756771087646484,1,N,1,10.0,1.0,0.5,0.3,1.5,0.0,13.3
2,2016-01-19 18:30:58,2016-01-19 18:43:02,1,1.36,,,-73.97553253173828,40.76031494140625,-73.98808288574219,40.74339294433594,1,N,1,9.0,1.0,0.5,0.3,2.0,0.0,12.8
2,2016-01-24 19:50:43,2016-01-24 20:03:28,1,3.72,,,-73.97969818115234,40.73492431640625,-73.95244598388672,40.766273498535156,1,N,1,13.0,0.0,0.5,0.3,3.45,0.0,17.25
1,2016-01-05 17:56:43,2016-01-05 18:01:11,1,0.2,,,-73.9557876586914,40.76420593261719,-73.95890045166016,40.761661529541016,1,N,2,4.5,1.0,0.5,0.3,0.0,0.0,6.3
2,2016-01-15 10:35:40,2016-01-15 10:58:14,3,2.04,,,0.0,0.0,0.0,0.0,1,N,1,15.0,0.0,0.5,0.3,0.0,0.0,15.8
1,2016-01-15 23:07:09,2016-01-15 23:28:33,1,5.0,,,-73.9986572265625,40.7296142578125,-73.9749526977539,40.787723541259766,1,N,1,18.0,0.5,0.5,0.3,3.85,0.0,23.15
1,2016-01-26 02:25:03,2016-01-26 02:35:24,1,5.6,,,-73.99560546875,40.75962829589844,-73.95758819580078,40.82105255126953,1,N,1,17.0,0.5,0.5,0.3,3.65,0.0,21.95
2,2016-01-11 05:36:49,2016-01-11 05:49:13,6,3.86,,,-73.9703140258789,40.78472137451172,-73.94784545898438,40.83015823364258,1,N,1,13.0,0.5,0.5,0.3,2.0,0.0,16.3
1,2016-01-01 21:57:02,2016-01-01 22:13:33,1,3.0,,,-74.00314331054688,40.7231330871582,-73.98686218261719,40.761287689208984,1,N,2,13.0,0.5,0.5,0.3,0.0,0.0,14.3
1,2016-01-17 14:10:51,2016-01-17 14:14:15,1,0.3,,,-74.00032806396484,40.732967376708984,-74.00542449951172,40.734710693359375,1,N,2,4.0,0.0,0.5,0.3,0.0,0.0,4.8
2,2016-01-16 21:18:28,2016-01-16 21:52:52,1,5.78,,,-74.00736236572266,40.71553039550781,-73.95796966552734,40.776329040527344,1,N,1,25.0,0.5,0.5,0.3,2.0,0.0,28.3
2,2016-01-27 19:43:51,2016-01-27 19:49:18,2,0.56,,,-73.99883270263672,40.734554290771484,-73.99253845214844,40.73036575317383,1,N,1,5.0,1.0,0.5,0.3,1.36,0.0,8.16
1,2016-01-06 20:18:31,2016-01-06 20:22:15,1,0.6,,,-73.98197937011719,40.783485412597656,-73.98233795166016,40.77666091918945,1,N,1,4.5,0.5,0.5,0.3,1.0,0.0,6.8
2,2016-01-21 12:14:04,2016-01-21 13:18:30,1,13.96,,,-73.86296081542969,40.76948165893555,-73.98573303222656,40.674129486083984,1,N,2,49.5,0.0,0.5,0.3,0.0,0.0,50.3
1,2016-01-30 13:30:23,2016-01-30 13:36:40,1,0.7,,,-73.97621154785156,40.75991439819336,-73.9659194946289,40.758609771728516,1,N,1,6.0,0.0,0.5,0.3,1.35,0.0,8.15
2,2016-01-07 22:37:01,2016-01-07 22:48:17,6,2.19,,,-73.98412322998047,40.75941848754883,-73.98258209228516,40.768375396728516,1,N,1,10.0,0.5,0.5,0.3,2.26,0.0,13.56
2,2016-01-22 17:38:58,2016-01-22 18:04:19,1,1.93,,,-73.98644256591797,40.75828170776367,-73.98365783691406,40.746559143066406,1,N,1,16.0,1.0,0.5,0.3,4.0,0.0,21.8
1,2016-01-13 06:55:19,2016-01-13 06:56:38,1,0.4,,,-73.99183654785156,40.749752044677734,-73.99183654785156,40.744998931884766,1,N,1,3.5,0.0,0.5,0.3,1.05,0.0,5.35
2,2016-01-13 11:59:20,2016-01-13 12:29:13,3,8.45,,,-73.77681732177734,40.6451301574707,-73.7740707397461,40.712890625,1,N,1,28.0,0.0,0.5,0.3,5.76,0.0,34.56
1,2016-01-05 08:50:43,2016-01-05 08:54:29,1,0.5,,,-73.96565246582031,40.765445709228516,-73.95860290527344,40.76423263549805,1,N,2,4.0,0.0,0.5,0.3,0.0,0.0,4.8
2,2016-01-25 02:46:58,2016-01-25 02:59:58,1,3.23,,,-73.94020080566406,40.750858306884766,-73.94020080566406,40.750858306884766,1,N,1,12.5,0.5,0.5,0.3,3.45,0.0,17.25
1,2016-01-17 01:00:44,2016-01-17 01:03:23,1,0.6,,,-73.96812438964844,40.75899887084961,-73.96187591552734,40.76695251464844,1,N,2,4.5,0.5,0.5,0.3,0.0,0.0,5.8
1,2016-01-06 15:35:23,2016-01-06 15:54:47,2,1.9,,,-73.9866943359375,40.747825622558594,-73.9958267211914,40.753173828125,1,N,2,13.0,0.0,0.5,0.3,0.0,0.0,13.8
2,2016-01-16 14:19:13,2016-01-16 14:27:49,1,1.16,,,-73.98690032958984,40.7623405456543,-73.97982788085938,40.752262115478516,1,N,1,7.5,0.0,0.5,0.3,1.66,0.0,9.96
1,2016-01-07 10:36:28,2016-01-07 10:47:47,2,1.8,,,-73.9362564086914,40.7449836730957,-73.9173355102539,40.76094055175781,1,N,1,9.5,0.0,0.5,0.3,0.7,0.0,11.0
1,2016-01-01 16:45:05,2016-01-01 16:49:39,1,0.6,,,-73.9885482788086,40.75902557373047,-73.98062133789062,40.76155090332031,1,N,1,5.0,0.0,0.5,0.3,1.0,0.0,6.8
2,2016-01-17 11:44:33,2016-01-17 11:47:57,5,0.51,,,-73.99468231201172,40.74026870727539,-73.99517822265625,40.745059967041016,1,N,2,4.5,0.0,0.5,0.3,0.0,0.0,5.3
2,2016-01-30 23:06:56,2016-01-30 23:35:06,1,3.67,,,-73.97154998779297,40.76198959350586,-74.00772094726562,40.74055099487305,1,N,2,19.5,0.5,0.5,0.3,0.0,0.0,20.8
1,2016-01-27 13:31:57,2016-01-27 14:05:06,1,2.6,,,-73.98851013183594,40.747779846191406,-74.00362396240234,40.71751022338867,1,Y,2,20.5,0.0,0.5,0.3,0.0,0.0,21.3
2,2016-01-04 15:12:16,2016-01-04 15:20:57,5,0.91,,,-73.95397186279297,40.7847785949707,-73.94721984863281,40.775970458984375,1,N,2,7.0,0.0,0.5,0.3,0.0,0.0,7.8
1,2016-01-27 04:47:47,2016-01-27 05:18:22,2,17.8,,,-73.98318481445312,40.72809982299805,-73.78276824951172,40.64884948730469,2,N,2,52.0,0.0,0.5,0.3,0.0,0.0,52.8
1,2016-01-19 10:15:26,2016-01-19 10:21:12,1,0.4,,,-73.96949768066406,40.79970169067383,-73.9729232788086,40.795040130615234,1,N,1,5.0,0.0,0.5,0.3,1.45,0.0,7.25
1,2016-01-04 13:46:54,2016-01-04 13:54:40,2,0.8,,,-73.9747314453125,40.742435455322266,-73.97608184814453,40.75088882446289,1,N,2,7.0,0.0,0.5,0.3,0.0,0.0,7.8
2,2016-01-22 11:22:54,2016-01-22 11:32:30,6,1.02,,,-73.9623031616211,40.76731872558594,-73.96089935302734,40.77920150756836,1,N,1,7.5,0.0,0.5,0.3,1.66,0.0,9.96
2,2016-01-07 00:16:29,2016-01-07 00:21:29,1,1.31,,,-73.95342254638672,40.782779693603516,-73.96676635742188,40.793548583984375,1,N,1,6.5,0.5,0.5,0.3,0.0,0.0,7.8
1,2016-01-09 19:58:10,2016-01-09 20:11:41,1,2.2,,,-73.9681167602539,40.76250076293945,-73.99324035644531,40.74466323852539,1,N,1,11.0,1.0,0.5,0.3,2.55,0.0,15.35
1,2016-01-13 20:38:55,2016-01-13 20:55:17,1,3.7,,,-73.98379516601562,40.760677337646484,-73.98118591308594,40.72520065307617,1,N,1,14.5,0.5,0.5,0.3,2.0,0.0,17.8
1,2016-01-11 14:04:04,2016-01-11 14:42:01,4,18.4,,,-73.78022766113281,40.64556121826172,-73.9797134399414,40.76120376586914,2,N,2,52.0,0.0,0.5,0.3,0.0,5.54,58.34
1,2016-01-16 17:52:49,2016-01-16 17:58:59,1,1.0,,,-74.00109100341797,40.73187255859375,-73.99286651611328,40.74435806274414,1,N,1,6.0,0.0,0.5,0.3,1.2,0.0,8.0
1,2016-01-15 17:24:39,2016-01-15 17:34:05,1,1.2,,,-73.95512390136719,40.77324295043945,-73.96620178222656,40.758209228515625,1,N,1,8.0,1.0,0.5,0.3,1.95,0.0,11.75
1,2016-01-16 19:50:15,2016-01-16 19:56:11,4,1.0,,,-73.99472045898438,40.760440826416016,-73.99502563476562,40.74991989135742,1,N,1,6.0,0.5,0.5,0.3,2.15,0.0,9.45
2,2016-01-12 09:11:03,2016-01-12 09:21:08,1,0.88,,,-73.89166259765625,40.74797058105469,-73.89166259765625,40.74797058105469,1,N,1,7.5,0.0,0.5,0.3,4.0,0.0,12.3
1,2016-01-19 09:38:24,2016-01-19 09:45:22,1,1.5,,,-73.98633575439453,40.745521545410156,-74.00060272216797,40.728790283203125,1,N,1,7.0,0.0,0.5,0.3,1.56,0.0,9.36
1,2016-01-06 08:43:58,2016-01-06 08:58:44,1,2.1,,,-73.95549011230469,40.768558502197266,-73.97618865966797,40.77804183959961,1,N,1,11.5,0.0,0.5,0.3,2.45,0.0,14.75
1,2016-01-22 23:01:43,2016-01-22 23:08:33,2,0.9,,,-73.98233795166016,40.772396087646484,-73.98255920410156,40.76213073730469,1,N,1,6.5,0.5,0.5,0.3,2.0,0.0,9.8
1,2016-01-10 22:26:11,2016-01-10 22:44:18,1,4.8,,,-74.00078582763672,40.7208251953125,-73.97370147705078,40.66991424560547,1,N,2,17.5,0.5,0.5,0.3,0.0,0.0,18.8
1,2016-01-10 02:38:40,2016-01-10 02:47:58,1,3.7,,,-73.9946060180664,40.759883880615234,-73.96067810058594,40.801490783691406,1,N,2,12.0,0.5,0.5,0.3,0.0,0.0,13.3
2,2016-01-30 15:22:38,2016-01-30 15:42:51,1,1.57,,,-73.99583435058594,40.7386589050293,-73.98856353759766,40.72591018676758,1,N,1,13.0,0.0,0.5,0.3,1.0,0.0,14.8
2,2016-01-14 13:55:36,2016-01-14 14:05:56,1,1.59,,,-73.97101593017578,40.764076232910156,-73.98235321044922,40.77812194824219,1,N,1,8.5,0.0,0.5,0.3,1.5,0.0,10.8
1,2016-01-08 14:11:01,2016-01-08 14:23:06,1,1.5,,,-73.99408721923828,40.75115966796875,-73.99420166015625,40.74504089355469,1,N,1,9.0,0.0,0.5,0.3,1.95,0.0,11.75
1,2016-01-27 07:25:27,2016-01-27 07:45:26,1,4.3,,,-73.99290466308594,40.76809310913086,-74.00373840332031,40.71723175048828,1,N,1,16.5,0.0,0.5,0.3,3.45,0.0,20.75
1,2016-01-08 00:18:22,2016-01-08 00:29:28,2,2.3,,,-73.98273468017578,40.76359939575195,-73.98033142089844,40.73931121826172,1,N,1,10.0,0.5,0.5,0.3,2.26,0.0,13.56
1,2016-01-07 19:37:20,2016-01-07 19:45:24,2,1.8,,,-73.97661590576172,40.743404388427734,-73.9830322265625,40.722469329833984,1,N,1,8.0,1.0,0.5,0.3,1.0,0.0,10.8
2,2016-01-15 12:08:00,2016-01-15 12:13:03,3,0.44,,,-73.99783325195312,40.745880126953125,-73.9906005859375,40.742679595947266,1,N,1,5.0,0.0,0.5,0.3,1.0,0.0,6.8
2,2016-01-13 04:52:32,2016-01-13 05:15:38,2,6.26,,,-73.90290069580078,40.74570083618164,-73.94265747070312,40.7889404296875,1,N,2,22.0,0.5,0.5,0.3,0.0,0.0,23.3
2,2016-01-28 00:03:58,2016-01-28 00:17:47,2,4.71,,,-73.95101165771484,40.791534423828125,-73.93817901611328,40.84560012817383,1,N,1,16.5,0.5,0.5,0.3,3.56,0.0,21.36
1,2016-01-21 13:47:15,2016-01-21 13:51:00,1,0.3,,,-73.99394989013672,40.746559143066406,-73.99456787109375,40.74332809448242,1,N,2,4.0,0.0,0.5,0.3,0.0,0.0,4.8
2,2016-01-21 22:48:47,2016-01-21 22:53:49,1,0.79,,,-73.96340942382812,40.80883026123047,-73.9599380493164,40.80119323730469,1,N,1,5.5,0.5,0.5,0.3,1.36,0.0,8.16
2,2016-01-26 21:39:28,2016-01-26 22:24:20,2,9.3,,,-73.96880340576172,40.76174545288086,-73.95880126953125,40.676475524902344,1,N,1,36.0,0.5,0.5,0.3,6.0,0.0,43.3
1,2016-01-13 17:46:30,2016-01-13 17:55:24,1,1.1,,,0.0,0.0,0.0,0.0,1,N,1,7.5,1.0,0.5,0.3,1.86,0.0,11.16
1,2016-01-21 13:19:46,2016-01-21 13:29:50,1,0.8,,,-73.9662857055664,40.76788330078125,-73.97496795654297,40.761531829833984,1,N,2,7.5,0.0,0.5,0.3,0.0,0.0,8.3
2,2016-01-04 12:49:01,2016-01-04 12:57:43,1,1.23,,,-74.00135040283203,40.72420883178711,-73.99262237548828,40.734031677246094,1,N,1,7.5,0.0,0.5,0.3,1.66,0.0,9.96
2,2016-01-05 11:48:28,2016-01-05 11:54:45,1,1.3,,,-73.91661071777344,40.74314880371094,-73.91911315917969,40.75878143310547,1,N,2,6.5,0.0,0.5,0.3,0.0,0.0,7.3
2,2016-01-08 19:55:37,2016-01-08 20:06:16,1,1.73,,,-73.99253845214844,40.723724365234375,-73.97818756103516,40.74602127075195,1,N,1,9.0,0.5,0.5,0.3,1.6,0.0,11.9
2,2016-01-05 17:14:34,2016-01-05 17:26:17,1,3.35,,,-73.99481201171875,40.760459899902344,-73.96321105957031,40.79934310913086,1,N,2,12.0,1.0,0.5,0.3,0.0,0.0,13.8
2,2016-01-22 08:26:16,2016-01-22 08:46:49,1,2.26,,,-73.98175048828125,40.77820587158203,-73.9746322631836,40.75563430786133,1,N,2,14.0,0.0,0.5,0.3,0.0,0.0,14.8
2,2016-01-08 11:50:47,2016-01-08 11:58:40,1,0.69,,,-73.97158813476562,40.75455093383789,-73.97462463378906,40.761558532714844,1,N,1,6.5,0.0,0.5,0.3,1.46,0.0,8.76
2,2016-01-03 20:40:45,2016-01-03 20:53:40,5,3.52,,,-73.97250366210938,40.74345016479492,-74.00353240966797,40.72378158569336,1,N,1,14.0,0.5,0.5,0.3,3.06,0.0,18.36
2,2016-01-08 09:49:02,2016-01-08 09:55:34,6,0.63,,,-73.9811019897461,40.75593948364258,-73.97435760498047,40.75606918334961,1,N,1,5.5,0.0,0.5,0.3,5.0,0.0,11.3
2,2016-01-20 16:04:13,2016-01-20 16:17:50,1,1.84,,,-74.0057144165039,40.74573516845703,-73.98274993896484,40.75071716308594,1,N,1,10.5,1.0,0.5,0.3,2.46,0.0,14.76
2,2016-01-07 00:08:29,2016-01-07 00:18:53,1,2.93,,,-73.99473571777344,40.72126770019531,-73.94402313232422,40.711639404296875,1,N,2,11.5,0.5,0.5,0.3,0.0,0.0,12.8
2,2016-01-22 01:10:04,2016-01-22 01:19:53,1,2.77,,,-73.98921203613281,40.741798400878906,-73.96184539794922,40.761112213134766,1,N,1,10.0,0.5,0.5,0.3,2.26,0.0,13.56
1,2016-01-01 22:49:12,2016-01-01 22:55:24,1,1.0,,,-73.97855377197266,40.76466751098633,-73.99205017089844,40.763999938964844,1,N,1,6.0,0.5,0.5,0.3,1.45,0.0,8.75
2,2016-01-25 12:47:48,2016-01-25 13:11:13,1,1.03,,,-73.98298645019531,40.73902893066406,-73.97395324707031,40.75172805786133,1,N,2,14.5,0.0,0.5,0.3,0.0,0.0,15.3
2,2016-01-10 12:51:16,2016-01-10 13:11:37,6,8.94,,,-73.87071228027344,40.77373123168945,-73.96851348876953,40.76148986816406,1,N,2,26.5,0.0,0.5,0.3,0.0,5.54,32.84
1,2016-01-08 21:40:39,2016-01-08 21:44:52,1,1.0,,,-73.9797134399414,40.743167877197266,-73.9862289428711,40.730403900146484,1,N,1,5.5,0.5,0.5,0.3,1.0,0.0,7.8
1,2016-01-14 15:52:17,2016-01-14 16:07:14,1,0.7,,,-73.97713470458984,40.765899658203125,-73.96803283691406,40.76833724975586,1,N,2,10.0,0.0,0.5,0.3,0.0,0.0,10.8
2,2016-01-04 17:30:35,2016-01-04 17:31:55,1,0.3,,,-73.97977447509766,40.76153564453125,-73.97976684570312,40.76544952392578,1,N,2,3.0,1.0,0.5,0.3,0.0,0.0,4.8
2,2016-01-02 12:44:20,2016-01-02 12:46:28,1,0.87,,,-73.99617767333984,40.74327850341797,-74.00350189208984,40.732269287109375,1,N,1,4.5,0.0,0.5,0.3,1.06,0.0,6.36
2,2016-01-26 07:46:12,2016-01-26 07:59:33,2,3.02,,,-74.01604461669922,40.71101760864258,-74.00670623779297,40.75135803222656,1,N,1,13.0,0.0,0.5,0.3,3.45,0.0,17.25
1,2016-01-15 21:50:14,2016-01-15 21:53:40,3,0.7,,,-73.96293640136719,40.763301849365234,-73.95768737792969,40.77031326293945,1,N,1,4.5,0.5,0.5,0.3,1.15,0.0,6.95
2,2016-01-03 14:45:04,2016-01-03 15:18:26,1,17.45,,,-73.98619842529297,40.74964904785156,-73.78053283691406,40.64606857299805,2,N,2,52.0,0.0,0.5,0.3,0.0,5.54,58.34
1,2016-01-28 19:57:21,2016-01-28 20:02:23,1,0.8,,,-73.9889144897461,40.73678970336914,-73.98100280761719,40.74490737915039,1,N,1,5.5,0.5,0.5,0.3,1.35,0.0,8.15
1,2016-01-20 09:24:24,2016-01-20 09:41:59,1,2.8,,,-74.0052719116211,40.74098587036133,-74.01683807373047,40.704803466796875,1,N,2,14.0,0.0,0.5,0.3,0.0,0.0,14.8
2,2016-01-17 08:56:56,2016-01-17 09:05:14,1,1.35,,,-73.98046875,40.78070068359375,-73.98162078857422,40.76462173461914,1,N,1,7.5,0.0,0.5,0.3,1.66,0.0,9.96
2,2016-01-02 11:49:29,2016-01-02 12:04:27,1,3.79,,,-73.96380615234375,40.770591735839844,-73.9631118774414,40.81109619140625,1,N,2,14.5,0.0,0.5,0.3,0.0,0.0,15.3
1,2016-01-21 16:37:39,2016-01-21 16:45:38,1,0.7,,,-73.97811126708984,40.748779296875,-73.98432922363281,40.75474548339844,1,N,2,6.5,1.0,0.5,0.3,0.0,0.0,8.3
1,2016-01-27 04:16:40,2016-01-27 04:24:42,1,1.6,,,-73.9791030883789,40.7666015625,-73.97726440429688,40.74958419799805,1,N,1,8.0,0.5,0.5,0.3,1.85,0.0,11.15
2,2016-01-02 03:24:57,2016-01-02 03:26:29,1,0.45,,,-73.96141815185547,40.76036071777344,-73.95658111572266,40.76704025268555,1,N,2,3.5,0.5,0.5,0.3,0.0,0.0,4.8
1,2016-01-14 19:50:20,2016-01-14 19:56:21,1,1.2,,,-73.97126007080078,40.75891876220703,-73.9830322265625,40.74219512939453,1,N,1,6.0,1.0,0.5,0.3,1.2,0.0,9.0
2,2016-01-28 23:54:48,2016-01-29 00:01:43,2,1.41,,,-73.9842300415039,40.74419021606445,-73.98419952392578,40.759212493896484,1,N,2,7.0,0.5,0.5,0.3,0.0,0.0,8.3
2,2016-01-17 22:11:40,2016-01-17 22:34:29,1,6.68,,,-74.00377655029297,40.722511291503906,-73.95488739013672,40.7789192199707,1,N,1,23.5,0.5,0.5,0.3,1.08,0.0,25.88
1,2016-01-16 06:08:12,2016-01-16 06:14:01,1,1.3,,,-73.9959487915039,40.73842239379883,-73.98530578613281,40.727630615234375,1,N,2,6.5,0.0,0.5,0.3,0.0,0.0,7.3
1,2016-01-28 09:56:03,2016-01-28 10:07:18,1,0.4,,,-73.9825210571289,40.742374420166016,-73.98780822753906,40.73813247680664,1,N,2,8.0,0.0,0.5,0.3,0.0,0.0,8.8
1,2016-01-11 20:40:05,2016-01-11 20:55:58,1,3.3,,,-74.00540161132812,40.72221374511719,-73.97296905517578,40.68750762939453,1,N,1,14.0,0.5,0.5,0.3,3.05,0.0,18.35
2,2016-01-14 09:55:58,2016-01-14 10:05:58,2,1.27,,,-73.99539947509766,40.73939895629883,-73.98384094238281,40.75532913208008,1,N,1,8.0,0.0,0.5,0.3,1.0,0.0,9.8
2,2016-01-02 18:31:31,2016-01-02 18:53:05,4,5.97,,,-73.9810562133789,40.74462127685547,-74.01434326171875,40.71398162841797,1,N,2,21.0,0.0,0.5,0.3,0.0,0.0,21.8
2,2016-01-07 17:47:51,2016-01-07 18:00:25,3,2.04,,,-73.99226379394531,40.72490692138672,-73.9909896850586,40.745365142822266,1,N,2,10.5,1.0,0.5,0.3,0.0,0.0,12.3
1,2016-01-20 18:17:30,2016-01-20 18:30:08,1,2.2,,,-74.00520324707031,40.72043228149414,-74.00096130371094,40.74638748168945,1,N,2,10.5,1.0,0.5,0.3,0.0,0.0,12.3
2,2016-01-17 21:51:05,2016-01-17 21:56:16,2,1.27,,,-73.95694732666016,40.78014373779297,-73.97642517089844,40.788360595703125,1,N,1,6.5,0.5,0.5,0.3,1.56,0.0,9.36
2,2016-01-04 23:36:25,2016-01-04 23:38:54,1,0.52,,,-73.98079681396484,40.753387451171875,-73.98540496826172,40.75221633911133,1,N,1,4.0,0.5,0.5,0.3,1.06,0.0,6.36
2,2016-01-15 23:21:19,2016-01-15 23:23:50,1,0.69,,,-73.9698715209961,40.789710998535156,-73.97767639160156,40.78681945800781,1,N,2,4.0,0.5,0.5,0.3,0.0,0.0,5.3
1,2016-01-25 17:09:14,2016-01-25 17:38:20,2,3.2,,,-73.98509216308594,40.746543884277344,-74.01141357421875,40.7078857421875,1,N,1,18.5,1.0,0.5,0.3,4.05,0.0,24.35
2,2016-01-10 13:18:41,2016-01-10 13:33:59,1,3.64,,,-73.95655059814453,40.767051696777344,-73.9563980102539,40.7470817565918,1,N,1,14.5,0.0,0.5,0.3,3.06,0.0,18.36
2,2016-01-08 21:40:22,2016-01-08 21:47:52,1,1.17,,,-73.98892211914062,40.73678970336914,-73.97802734375,40.75122833251953,1,N,2,7.0,0.5,0.5,0.3,0.0,0.0,8.3
1,2016-01-19 11:10:17,2016-01-19 11:42:40,1,2.9,,,-74.00538635253906,40.7400016784668,-73.97435760498047,40.75989532470703,1,N,2,19.5,0.0,0.5,0.3,0.0,0.0,20.3
1,2016-01-10 10:06:53,2016-01-10 10:12:03,2,0.5,,,-73.97455596923828,40.756370544433594,-73.96826171875,40.75544357299805,1,N,1,5.0,0.0,0.5,0.3,1.2,0.0,7.0
1,2016-01-22 23:38:13,2016-01-22 23:42:59,1,0.8,,,-73.96147918701172,40.764713287353516,-73.95406341552734,40.77040481567383,1,N,1,5.5,0.5,0.5,0.3,1.0,0.0,7.8
2,2016-01-08 20:35:39,2016-01-08 20:43:16,1,1.02,,,-73.98100280761719,40.75033187866211,-73.98050689697266,40.741661071777344,1,N,2,6.5,0.5,0.5,0.3,0.0,0.0,7.8
2,2016-01-11 13:40:42,2016-01-11 13:52:15,1,1.08,,,-73.95951080322266,40.777061462402344,-73.96990203857422,40.76234817504883,1,N,2,8.5,0.0,0.5,0.3,0.0,0.0,9.3
2,2016-01-13 10:47:39,2016-01-13 10:57:16,1,1.74,,,-73.9652099609375,40.76626205444336,-73.98152923583984,40.744720458984375,1,N,2,8.5,0.0,0.5,0.3,0.0,0.0,9.3
1,2016-01-20 14:28:18,2016-01-20 14:48:44,1,2.9,,,-73.98245239257812,40.76837158203125,-73.96719360351562,40.80200958251953,1,N,1,15.0,0.0,0.5,0.3,1.0,0.0,16.8
2,2016-01-16 16:13:00,2016-01-16 16:15:03,1,0.39,,,-74.01728820800781,40.708614349365234,-74.01665496826172,40.70479202270508,1,N,2,3.5,0.0,0.5,0.3,0.0,0.0,4.3
1,2016-01-01 16:17:31,2016-01-01 16:24:11,1,1.8,,,-73.97966766357422,40.74668884277344,-73.99056243896484,40.724910736083984,1,N,1,8.0,0.0,0.5,0.3,1.76,0.0,10.56
2,2016-01-11 17:25:49,2016-01-11 17:35:13,1,1.13,,,-73.95378875732422,40.766841888427734,-73.96852111816406,40.7640495300293,1,N,1,7.5,1.0,0.5,0.3,1.86,0.0,11.16
2,2016-01-16 10:28:59,2016-01-16 10:39:18,1,2.24,,,-73.95684814453125,40.77981185913086,-73.97467803955078,40.752079010009766,1,N,2,10.0,0.0,0.5,0.3,0.0,0.0,10.8
1,2016-01-19 05:52:29,2016-01-19 06:02:59,1,2.0,,,-73.98914337158203,40.77433395385742,-73.97759246826172,40.75563049316406,1,N,1,9.5,0.5,0.5,0.3,1.2,0.0,12.0
2,2016-01-03 00:47:27,2016-01-03 00:56:07,5,2.12,,,-74.00133514404297,40.73109436035156,-73.98230743408203,40.75729751586914,1,N,2,8.5,0.5,0.5,0.3,0.0,0.0,9.8
1,2016-01-04 22:02:57,2016-01-04 22:06:30,2,0.8,,,-73.99109649658203,40.749568939208984,-73.9990005493164,40.73918914794922,1,N,1,5.0,0.5,0.5,0.3,1.0,0.0,7.3
1,2016-01-06 19:42:03,2016-01-06 19:45:23,1,0.9,,,-73.96315002441406,40.76642990112305,-73.95411682128906,40.777183532714844,1,N,1,5.0,0.5,0.5,0.3,1.0,0.0,7.3
2,2016-01-26 13:36:21,2016-01-26 13:47:44,1,2.13,,,-74.01017761230469,40.72050094604492,-74.00711059570312,40.703819274902344,1,N,1,10.0,0.0,0.5,0.3,2.16,0.0,12.96
2,2016-01-01 05:30:24,2016-01-01 05:33:22,5,0.61,,,0.0,0.0,0.0,0.0,1,N,1,4.0,0.5,0.5,0.3,3.3,0.0,8.6
1,2016-01-19 22:46:05,2016-01-19 22:57:54,1,2.8,,,-73.95330047607422,40.7757453918457,-73.98908233642578,40.771583557128906,1,N,1,11.5,0.5,0.5,0.3,1.5,0.0,14.3
2,2016-01-08 15:23:58,2016-01-08 15:42:22,1,2.11,,,-74.00250244140625,40.73029708862305,-74.00100708007812,40.727027893066406,1,N,1,12.5,0.0,0.5,0.3,2.66,0.0,15.96
1,2016-01-21 09:49:17,2016-01-21 10:01:20,1,1.5,,,-73.9616928100586,40.770198822021484,-73.97850799560547,40.758216857910156,1,N,1,9.0,0.0,0.5,0.3,2.9,0.0,12.7
1,2016-01-22 11:59:48,2016-01-22 12:22:34,1,4.1,,,-73.95420837402344,40.766395568847656,-73.99311828613281,40.73350143432617,1,N,1,17.5,0.0,0.5,0.3,3.65,0.0,21.95
1,2016-01-15 16:11:44,2016-01-15 16:23:53,1,3.2,,,-74.01499938964844,40.71403503417969,-73.99520874023438,40.749610900878906,1,N,1,12.5,1.0,0.5,0.3,2.0,0.0,16.3
2,2016-01-11 12:42:55,2016-01-11 12:44:17,2,0.17,,,-73.97843170166016,40.75702667236328,-73.97893524169922,40.75594711303711,1,N,2,3.0,0.0,0.5,0.3,0.0,0.0,3.8
2,2016-01-03 13:22:41,2016-01-03 13:29:29,1,1.43,,,-73.98197937011719,40.7523078918457,-73.9639663696289,40.75678634643555,1,N,2,7.0,0.0,0.5,0.3,0.0,0.0,7.8
1,2016-01-13 07:39:22,2016-01-13 07:49:04,1,1.5,,,-73.98057556152344,40.74296188354492,-73.98497009277344,40.75666427612305,1,N,1,8.0,0.0,0.5,0.3,1.75,0.0,10.55
2,2016-01-03 23:19:45,2016-01-03 23:22:42,4,0.5,,,-73.9918212890625,40.726280212402344,-73.98564910888672,40.72386169433594,1,N,1,4.0,0.5,0.5,0.3,1.06,0.0,6.36
1,2016-01-06 10:48:37,2016-01-06 10:53:03,1,0.5,,,-74.00017547607422,40.7327766418457,-74.00269317626953,40.73956298828125,1,N,1,5.0,0.0,0.5,0.3,0.0,0.0,5.8
2,2016-01-25 15:12:10,2016-01-25 15:21:13,1,1.32,,,-73.95165252685547,40.78235626220703,-73.94197082519531,40.79786682128906,1,N,2,7.5,0.0,0.5,0.3,0.0,0.0,8.3
2,2016-01-09 10:41:56,2016-01-09 10:53:22,1,2.18,,,-73.98023223876953,40.74555969238281,-74.00811767578125,40.73912048339844,1,N,1,10.0,0.0,0.5,0.3,2.16,0.0,12.96
1,2016-01-06 07:41:48,2016-01-06 07:49:46,1,1.5,,,-73.95389556884766,40.76719284057617,-73.96797943115234,40.756919860839844,1,N,1,8.0,0.0,0.5,0.3,1.5,0.0,10.3
2,2016-01-19 08:29:57,2016-01-19 08:34:10,4,0.84,,,-73.9708251953125,40.761451721191406,-73.96976470947266,40.75231170654297,1,N,2,4.5,0.0,0.5,0.3,0.0,0.0,5.3
2,2016-01-16 17:15:21,2016-01-16 17:34:36,1,10.46,,,-73.87455749511719,40.774078369140625,-73.97272491455078,40.75511932373047,1,N,1,29.0,0.0,0.5,0.3,7.07,5.54,42.41
2,2016-01-19 08:44:18,2016-01-19 08:51:03,1,1.21,,,-73.99002075195312,40.733009338378906,-74.00213623046875,40.72296142578125,1,N,1,6.5,0.0,0.5,0.3,1.1,0.0,8.4
2,2016-01-28 14:28:41,2016-01-28 14:34:29,1,0.64,,,-74.01040649414062,40.71860885620117,-74.00825500488281,40.71184539794922,1,N,1,5.5,0.0,0.5,0.3,1.26,0.0,7.56
1,2016-01-14 16:32:33,2016-01-14 16:40:04,3,1.3,,,-73.93798065185547,40.81232452392578,-73.94149780273438,40.82178497314453,1,N,2,7.5,1.0,0.5,0.3,0.0,0.0,9.3
2,2016-01-10 21:07:36,2016-01-10 21:10:13,2,0.56,,,-74.01802062988281,40.70570373535156,-74.01398468017578,40.709590911865234,1,N,1,4.0,0.5,0.5,0.3,1.5,0.0,6.8
2,2016-01-05 10:42:32,2016-01-05 11:02:40,1,2.57,,,-73.9798583984375,40.78622055053711,-73.97004699707031,40.76143264770508,1,N,1,14.0,0.0,0.5,0.3,3.0,0.0,17.8
1,2016-01-21 16:09:47,2016-01-21 16:18:46,2,0.9,,,-73.98954772949219,40.75229263305664,-73.9870376586914,40.74294662475586,1,N,1,7.5,1.0,0.5,0.3,1.0,0.0,10.3
2,2016-01-29 07:22:54,2016-01-29 07:26:20,1,0.61,,,-73.95291900634766,40.77225112915039,-73.9548110961914,40.76551818847656,1,N,1,4.5,0.0,0.5,0.3,1.0,0.0,6.3
2,2016-01-12 16:38:18,2016-01-12 16:56:41,1,1.82,,,-73.97282409667969,40.76439666748047,-73.99214935302734,40.748695373535156,1,N,1,12.0,1.0,0.5,0.3,2.76,0.0,16.56
1,2016-01-30 01:00:34,2016-01-30 01:19:51,1,4.9,,,-73.95690155029297,40.7708625793457,-73.9148178100586,40.76689910888672,1,N,1,18.0,0.5,0.5,0.3,3.85,0.0,23.15
2,2016-01-21 09:45:33,2016-01-21 09:52:21,1,0.71,,,-73.94886016845703,40.770809173583984,-73.96021270751953,40.773170471191406,1,N,2,6.0,0.0,0.5,0.3,0.0,0.0,6.8
2,2016-01-19 08:43:08,2016-01-19 08:45:40,1,0.42,,,-74.0128173828125,40.702110290527344,-74.01718139648438,40.70537185668945,1,N,1,4.0,0.0,0.5,0.3,1.0,0.0,5.8
1,2016-01-17 12:03:04,2016-01-17 12:28:05,1,5.1,,,-74.00560760498047,40.73770523071289,-73.9766845703125,40.678321838378906,1,N,1,20.5,0.0,0.5,0.3,5.33,0.0,26.63
1,2016-01-30 20:52:59,2016-01-30 21:05:38,1,1.8,,,-73.98529815673828,40.747066497802734,-73.96927642822266,40.7642822265625,1,N,1,10.5,0.5,0.5,0.3,1.75,0.0,13.55
1,2016-01-29 10:40:19,2016-01-29 10:51:09,1,1.1,,,-73.98174285888672,40.740665435791016,-73.98137664794922,40.75373840332031,1,N,1,8.5,0.0,0.5,0.3,1.5,0.0,10.8
1,2016-01-18 11:51:46,2016-01-18 12:03:53,1,2.5,,,-73.98213195800781,40.76890563964844,-73.9659652709961,40.7949333190918,1,N,1,10.5,0.0,0.5,0.3,3.35,0.0,14.65
2,2016-01-11 21:05:01,2016-01-11 21:16:14,1,1.6,,,-73.99588775634766,40.75371170043945,-73.9775619506836,40.75703048706055,1,N,2,9.0,0.5,0.5,0.3,0.0,0.0,10.3
1,2016-01-03 12:13:32,2016-01-03 12:18:08,1,0.9,,,-73.95581817626953,40.803794860839844,-73.96815490722656,40.801063537597656,1,N,1,5.5,0.0,0.5,0.3,1.25,0.0,7.55
1,2016-01-03 04:38:27,2016-01-03 04:43:26,1,1.6,,,-73.97887420654297,40.76191329956055,-73.9906234741211,40.749046325683594,1,N,2,6.5,0.5,0.5,0.3,0.0,0.0,7.8
1,2016-01-15 00:04:47,2016-01-15 00:34:06,1,6.6,,,-73.99308776855469,40.74745559692383,-73.89574432373047,40.758140563964844,1,N,1,24.5,0.5,0.5,0.3,6.0,0.0,31.8
2,2016-01-08 23:59:13,2016-01-09 00:14:04,1,3.04,,,-73.98107147216797,40.782169342041016,-73.97889709472656,40.74909973144531,1,N,2,13.0,0.5,0.5,0.3,0.0,0.0,14.3
1,2016-01-07 20:27:51,2016-01-07 20:29:32,1,0.2,,,-73.96269226074219,40.762962341308594,-73.96659851074219,40.762298583984375,1,N,1,3.0,0.5,0.5,0.3,1.0,0.0,5.3
2,2016-01-07 11:37:25,2016-01-07 11:51:49,1,2.4,,,-73.94690704345703,40.77201843261719,-73.98155975341797,40.780540466308594,1,N,1,11.5,0.0,0.5,0.3,2.46,0.0,14.76
1,2016-01-01 20:15:19,2016-01-01 20:45:34,2,19.6,,,-73.79025268554688,40.647003173828125,-73.95941925048828,40.77275848388672,2,N,1,52.0,0.0,0.5,0.3,7.5,5.54,65.84
2,2016-01-29 07:54:34,2016-01-29 08:08:21,4,2.5,,,-73.98556518554688,40.7354621887207,-73.97506713867188,40.76335144042969,1,N,2,11.5,0.0,0.5,0.3,0.0,0.0,12.3
2,2016-01-18 18:14:20,2016-01-18 19:16:24,6,20.52,,,-73.78428649902344,40.648643493652344,-73.97379302978516,40.783016204833984,2,N,1,52.0,0.0,0.5,0.3,14.58,5.54,72.92
1,2016-01-09 09:23:59,2016-01-09 09:30:11,1,1.6,,,-73.98704528808594,40.76210021972656,-74.00389862060547,40.74300765991211,1,N,1,7.5,0.0,0.5,0.3,2.05,0.0,10.35
1,2016-01-07 10:58:05,2016-01-07 11:05:45,1,0.5,,,-73.95774841308594,40.77629089355469,-73.96282958984375,40.771793365478516,1,N,1,6.0,0.0,0.5,0.3,1.0,0.0,7.8
1,2016-01-19 08:52:48,2016-01-19 09:30:25,1,4.4,,,-74.00419616699219,40.752567291259766,-73.95366668701172,40.77360916137695,1,N,1,24.5,0.0,0.5,0.3,6.32,0.0,31.62
2,2016-01-06 22:04:21,2016-01-06 22:19:36,3,3.18,,,-73.9790267944336,40.75946044921875,-74.00565338134766,40.72562789916992,1,N,2,13.0,0.5,0.5,0.3,0.0,0.0,14.3
1,2016-01-08 19:11:16,2016-01-08 19:24:13,1,1.7,,,-74.00853729248047,40.733489990234375,-73.99813079833984,40.71698760986328,1,N,1,9.5,1.0,0.5,0.3,2.25,0.0,13.55
2,2016-01-02 18:37:32,2016-01-02 18:55:22,1,8.49,,,-73.87089538574219,40.7736701965332,-73.9793472290039,40.74048614501953,1,N,1,25.0,0.0,0.5,0.3,6.27,5.54,37.61
1,2016-01-26 08:53:41,2016-01-26 08:59:39,2,0.4,,,-73.94532012939453,40.774051666259766,-73.95021057128906,40.771400451660156,1,N,2,5.5,0.0,0.5,0.3,0.0,0.0,6.3
2,2016-01-20 20:27:47,2016-01-20 20:41:25,5,1.85,,,-73.96894073486328,40.758968353271484,-73.99467468261719,40.76430130004883,1,N,1,10.5,0.5,0.5,0.3,0.0,0.0,11.8
1,2016-01-04 08:17:06,2016-01-04 08:35:57,1,3.8,,,-73.97796630859375,40.75244140625,-74.00992584228516,40.71342468261719,1,N,2,15.5,0.0,0.5,0.3,0.0,0.0,16.3
2,2016-01-17 02:02:51,2016-01-17 02:12:12,2,1.4,,,-73.99197387695312,40.726318359375,-74.00606536865234,40.735103607177734,1,N,1,8.5,0.5,0.5,0.3,1.96,0.0,11.76
2,2016-01-16 19:13:09,2016-01-16 19:24:06,1,1.8,,,-73.97803497314453,40.748233795166016,-73.98052978515625,40.74504089355469,1,N,2,7.0,0.0,0.5,0.3,0.0,0.0,7.8
1,2016-01-11 09:04:18,2016-01-11 09:16:56,2,4.3,,,-73.97767639160156,40.746280670166016,-73.94771575927734,40.78046417236328,1,N,1,15.0,0.0,0.5,0.3,3.15,0.0,18.95
1,2016-01-13 22:08:45,2016-01-13 22:15:26,1,0.9,,,-73.99881744384766,40.73416519165039,-74.00675964355469,40.744178771972656,1,N,1,6.5,0.5,0.5,0.3,1.55,0.0,9.35
2,2016-01-10 09:45:20,2016-01-10 09:49:51,6,0.53,,,-73.98365783691406,40.743961334228516,-73.99247741699219,40.747840881347656,1,N,1,5.0,0.0,0.5,0.3,1.16,0.0,6.96
1,2016-01-30 20:04:27,2016-01-30 20:15:12,1,1.9,,,-73.97535705566406,40.79012680053711,-73.98042297363281,40.76485061645508,1,N,1,9.5,0.5,0.5,0.3,2.7,0.0,13.5
1,2016-01-08 09:10:18,2016-01-08 09:51:01,1,4.1,,,-73.9370346069336,40.79803466796875,-73.98241424560547,40.768096923828125,1,N,1,25.0,0.0,0.5,0.3,5.15,0.0,30.95
1,2016-01-19 06:26:27,2016-01-19 06:31:41,1,0.9,,,-73.98748779296875,40.76044845581055,-73.9777603149414,40.75343322753906,1,N,1,5.5,0.0,0.5,0.3,1.0,0.0,7.3
2,2016-01-21 21:30:52,2016-01-21 21:34:49,2,0.84,,,-74.00180053710938,40.75102996826172,-73.99649810791016,40.76094055175781,1,N,1,5.0,0.5,0.5,0.3,1.26,0.0,7.56
2,2016-01-04 15:44:11,2016-01-04 15:55:52,2,1.6,,,-73.96664428710938,40.64996337890625,-73.96664428710938,40.64996337890625,1,N,1,9.0,0.0,0.5,0.3,1.96,0.0,11.76
2,2016-01-19 07:26:02,2016-01-19 07:31:35,2,0.92,,,-73.96073913574219,40.77012252807617,-73.95763397216797,40.779518127441406,1,N,2,6.0,0.0,0.5,0.3,0.0,0.0,6.8
1,2016-01-18 00:38:32,2016-01-18 00:47:30,1,2.4,,,-73.98654174804688,40.76666259765625,-73.99764251708984,40.73774337768555,1,N,2,9.5,0.5,0.5,0.3,0.0,0.0,10.8
1,2016-01-08 15:33:08,2016-01-08 15:37:10,1,0.8,,,-73.97959899902344,40.752044677734375,-73.9799575805664,40.7604866027832,1,N,1,5.0,0.0,0.5,0.3,1.45,0.0,7.25
1,2016-01-30 22:25:28,2016-01-30 22:35:48,2,1.2,,,-73.97705078125,40.75029373168945,-73.99081420898438,40.75077819824219,1,N,1,8.0,0.5,0.5,0.3,2.0,0.0,11.3
1,2016-01-13 00:01:26,2016-01-13 00:11:25,1,2.5,,,-73.98845672607422,40.73869323730469,-73.99504852294922,40.71221160888672,1,N,1,10.0,0.5,0.5,0.3,2.25,0.0,13.55
1,2016-01-08 20:35:52,2016-01-08 20:54:10,2,1.6,,,0.0,0.0,-73.98407745361328,40.72145462036133,1,N,1,12.5,0.5,0.5,0.3,2.75,0.0,16.55
1,2016-01-06 23:11:32,2016-01-06 23:17:44,1,1.0,,,-73.99089813232422,40.733924865722656,-74.00718688964844,40.73455810546875,1,N,1,6.0,0.5,0.5,0.3,1.45,0.0,8.75
2,2016-01-11 20:40:28,2016-01-11 20:43:46,1,0.63,,,0.0,0.0,0.0,0.0,1,N,2,4.5,0.5,0.5,0.3,0.0,0.0,5.8
2,2016-01-05 14:53:42,2016-01-05 15:11:56,1,2.7,,,-73.97762298583984,40.78683853149414,-73.96878051757812,40.76327896118164,1,N,1,13.5,0.0,0.5,0.3,2.86,0.0,17.16
1,2016-01-28 08:47:12,2016-01-28 08:47:12,1,0.0,,,-73.96684265136719,40.772579193115234,0.0,0.0,1,N,2,2.5,0.0,0.5,0.3,0.0,0.0,3.3
1,2016-01-09 00:35:24,2016-01-09 00:53:15,1,8.4,,,-73.87317657470703,40.773860931396484,-73.95435333251953,40.765724182128906,1,N,1,25.0,0.5,0.5,0.3,3.0,0.0,29.3
2,2016-01-04 11:40:14,2016-01-04 11:52:11,1,1.67,,,-73.9806137084961,40.73392105102539,-74.00029754638672,40.72724151611328,1,N,1,10.0,0.0,0.5,0.3,1.0,0.0,11.8
2,2016-01-07 08:09:23,2016-01-07 08:20:59,2,2.09,,,-73.96949768066406,40.75782012939453,-73.95130157470703,40.78350830078125,1,N,1,10.0,0.0,0.5,0.3,1.6,0.0,12.4
2,2016-01-17 16:32:34,2016-01-17 16:41:04,1,2.49,,,-73.96257019042969,40.775638580322266,-73.9395523071289,40.80720138549805,1,N,1,9.5,0.0,0.5,0.3,2.58,0.0,12.88
1,2016-01-30 09:11:09,2016-01-30 09:19:54,1,2.5,,,-73.965087890625,40.75581359863281,-73.99442291259766,40.73635482788086,1,N,1,9.5,0.0,0.5,0.3,2.05,0.0,12.35
1,2016-01-03 19:44:10,2016-01-03 19:55:50,1,1.4,,,-73.97685241699219,40.75180435180664,-73.98416900634766,40.7630500793457,1,N,2,9.0,1.0,0.5,0.3,0.0,0.0,10.8
1,2016-01-11 21:48:06,2016-01-11 21:51:00,1,0.7,,,-73.98738098144531,40.750244140625,-73.97870635986328,40.752742767333984,1,N,1,4.5,0.5,0.5,0.3,1.15,0.0,6.95
1,2016-01-28 18:51:49,2016-01-28 18:58:36,1,1.0,,,-73.99340057373047,40.76274490356445,-74.00414276123047,40.75265121459961,1,N,2,6.5,1.0,0.5,0.3,0.0,0.0,8.3
2,2016-01-09 08:51:12,2016-01-09 09:04:12,3,3.07,,,-73.97710418701172,40.787742614746094,-73.97994232177734,40.754886627197266,1,N,1,13.0,0.0,0.5,0.3,0.0,0.0,13.8
1,2016-01-13 17:37:33,2016-01-13 17:53:45,1,1.5,,,-73.98007202148438,40.73496627807617,-73.98284912109375,40.75055694580078,1,N,1,11.5,1.0,0.5,0.3,2.65,0.0,15.95
1,2016-01-11 07:34:21,2016-01-11 07:44:27,1,1.8,,,-73.98780822753906,40.743492126464844,-73.97493743896484,40.76344299316406,1,N,1,9.0,0.0,0.5,0.3,1.5,0.0,11.3
2,2016-01-19 19:17:09,2016-01-19 19:23:32,1,1.1,,,-73.98899841308594,40.716888427734375,-73.99236297607422,40.728721618652344,1,N,2,6.0,1.0,0.5,0.3,0.0,0.0,7.8
2,2016-01-16 01:55:52,2016-01-16 02:20:48,1,7.95,,,-73.99877166748047,40.74479675292969,-73.93899536132812,40.817378997802734,1,N,1,25.0,0.5,0.5,0.3,5.26,0.0,31.56
2,2016-01-19 19:37:12,2016-01-19 19:44:22,5,1.02,,,-73.98014068603516,40.749168395996094,-73.97601318359375,40.75986099243164,1,N,1,6.5,1.0,0.5,0.3,1.5,0.0,9.8
1,2016-01-11 19:59:43,2016-01-11 20:19:07,1,3.7,,,-73.99832153320312,40.72270965576172,-73.96190643310547,40.75971221923828,1,N,1,15.5,0.5,0.5,0.3,4.2,0.0,21.0
1,2016-01-18 16:52:58,2016-01-18 17:11:29,1,4.2,,,-74.01133728027344,40.70391845703125,-73.99906158447266,40.75715255737305,1,N,1,17.5,0.0,0.5,0.3,3.65,0.0,21.95
1,2016-01-08 19:28:40,2016-01-08 19:38:44,1,1.6,,,-73.9881820678711,40.75933837890625,-73.98795318603516,40.74376678466797,1,N,2,8.5,1.0,0.5,0.3,0.0,0.0,10.3
1,2016-01-18 12:28:50,2016-01-18 12:32:16,1,0.9,,,-73.97391510009766,40.76354217529297,-73.96688079833984,40.772464752197266,1,N,1,4.5,0.0,0.5,0.3,1.3,0.0,6.6
1,2016-01-20 15:41:04,2016-01-20 15:46:30,1,0.8,,,-74.00690460205078,40.74905014038086,-74.00668334960938,40.742393493652344,1,N,1,5.5,0.0,0.5,0.3,1.25,0.0,7.55
2,2016-01-05 14:30:52,2016-01-05 14:44:40,2,2.96,,,-73.96231079101562,40.779075622558594,-73.99341583251953,40.75722885131836,1,N,1,12.5,0.0,0.5,0.3,1.0,0.0,14.3
1,2016-01-29 10:57:09,2016-01-29 11:28:27,1,3.4,,,-74.0032958984375,40.732627868652344,-73.96965026855469,40.76313018798828,1,N,1,20.0,0.0,0.5,0.3,4.15,0.0,24.95
1,2016-01-14 12:26:12,2016-01-14 13:13:42,1,18.3,,,-73.78825378417969,40.64131164550781,-73.97380065917969,40.75922775268555,2,N,1,52.0,0.0,0.5,0.3,14.55,5.54,72.89
2,2016-01-20 13:26:00,2016-01-20 13:47:13,1,2.15,,,-74.01720428466797,40.70515060424805,-74.00267791748047,40.71422576904297,1,N,2,14.0,0.0,0.5,0.3,0.0,0.0,14.8
1,2016-01-28 17:57:23,2016-01-28 18:06:19,1,1.0,,,-73.99249267578125,40.742889404296875,-73.97676086425781,40.73942947387695,1,N,2,7.0,1.0,0.5,0.3,0.0,0.0,8.8
2,2016-01-09 10:35:14,2016-01-09 10:43:06,6,1.18,,,-73.9776840209961,40.72956466674805,-73.99104309082031,40.739013671875,1,N,1,7.5,0.0,0.5,0.3,1.66,0.0,9.96
2,2016-01-13 02:35:08,2016-01-13 02:40:13,1,1.42,,,-73.9355697631836,40.6967887878418,-73.93431854248047,40.679840087890625,1,N,1,6.5,0.5,0.5,0.3,1.56,0.0,9.36
2,2016-01-03 08:36:37,2016-01-03 08:38:35,1,0.64,,,-73.95362091064453,40.771148681640625,-73.95346069335938,40.77925109863281,1,N,2,4.0,0.0,0.5,0.3,0.0,0.0,4.8
2,2016-01-29 19:49:40,2016-01-29 19:58:48,4,1.02,,,-73.9979476928711,40.73375701904297,-73.98709869384766,40.73798370361328,1,N,1,7.5,1.0,0.5,0.3,1.0,0.0,10.3
2,2016-01-05 20:27:48,2016-01-05 20:39:24,1,4.8,,,-73.97408294677734,40.750614166259766,-74.00719451904297,40.70546340942383,1,N,1,15.5,0.5,0.5,0.3,4.2,0.0,21.0
1,2016-01-02 17:17:10,2016-01-02 17:22:11,2,0.8,,,-73.99556732177734,40.74424743652344,-73.98387908935547,40.73794174194336,1,N,1,5.5,0.0,0.5,0.3,1.25,0.0,7.55
1,2016-01-22 00:13:26,2016-01-22 00:15:51,3,0.2,,,0.0,0.0,0.0,0.0,1,N,2,3.5,0.5,0.5,0.3,0.0,0.0,4.8
1,2016-01-01 04:48:10,2016-01-01 05:04:50,1,5.1,,,-73.99031066894531,40.72346878051758,-73.94956970214844,40.77241134643555,1,N,1,18.0,0.5,0.5,0.3,0.0,0.0,19.3
1,2016-01-14 20:31:28,2016-01-14 20:38:00,1,0.6,,,-73.97911834716797,40.755615234375,-73.9783706665039,40.749176025390625,1,N,2,5.5,0.5,0.5,0.3,0.0,0.0,6.8
2,2016-01-26 13:53:02,2016-01-26 14:06:22,1,2.9,,,-73.91854858398438,40.743370056152344,-73.96640014648438,40.76206970214844,1,N,2,13.0,0.0,0.5,0.3,0.0,0.0,13.8
2,2016-01-02 18:20:43,2016-01-02 18:24:45,1,0.5,,,-73.97232818603516,40.7938117980957,-73.97770690917969,40.788818359375,1,N,1,4.5,0.0,0.5,0.3,1.06,0.0,6.36
2,2016-01-25 07:09:01,2016-01-25 07:13:09,1,0.62,,,-74.00213623046875,40.740238189697266,-74.00508880615234,40.74663162231445,1,N,1,4.5,0.0,0.5,0.3,0.0,0.0,5.3
2,2016-01-30 18:23:59,2016-01-30 18:37:17,2,2.22,,,-73.96583557128906,40.79020690917969,-73.98652648925781,40.76578140258789,1,N,1,11.0,0.0,0.5,0.3,2.36,0.0,14.16
2,2016-01-06 17:36:41,2016-01-06 18:29:28,1,18.2,,,-73.78984832763672,40.64373779296875,-73.98541259765625,40.75967025756836,2,N,2,52.0,0.0,0.5,0.3,0.0,5.54,58.34
2,2016-01-12 21:10:27,2016-01-12 21:15:29,1,1.41,,,-73.99047088623047,40.74606704711914,-73.9815673828125,40.76304244995117,1,N,1,6.5,0.5,0.5,0.3,1.56,0.0,9.36
1,2016-01-15 08:00:51,2016-01-15 08:20:51,1,2.7,,,-73.95203399658203,40.77312469482422,-73.98088073730469,40.7591438293457,1,N,1,14.5,0.0,0.5,0.3,3.8,0.0,19.1
2,2016-01-10 22:16:15,2016-01-10 22:24:28,5,3.07,,,-73.99701690673828,40.757415771484375,-73.97023010253906,40.79397201538086,1,N,1,10.5,0.5,0.5,0.3,2.36,0.0,14.16
1,2016-01-20 02:36:52,2016-01-20 02:41:28,1,1.0,,,-73.989013671875,40.75886535644531,-73.99360656738281,40.752296447753906,1,N,2,5.5,0.5,0.5,0.3,0.0,0.0,6.8
2,2016-01-05 11:46:24,2016-01-05 12:00:03,1,0.89,,,-73.98213195800781,40.744850158691406,-73.99203491210938,40.752201080322266,1,N,1,9.0,0.0,0.5,0.3,1.96,0.0,11.76
2,2016-01-06 15:08:01,2016-01-06 15:59:44,2,20.08,,,-73.77674865722656,40.645320892333984,-73.97673797607422,40.64543151855469,1,N,2,59.5,0.0,0.5,0.3,0.0,0.0,60.3
1,2016-01-28 17:32:40,2016-01-28 17:36:19,1,0.7,,,-73.95830535888672,40.772953033447266,-73.95108795166016,40.78230285644531,1,N,1,4.5,1.0,0.5,0.3,1.25,0.0,7.55
2,2016-01-09 00:29:17,2016-01-09 00:34:29,1,1.4,,,-73.98602294921875,40.753299713134766,-74.00322723388672,40.75062942504883,1,N,2,6.5,0.5,0.5,0.3,0.0,0.0,7.8
1,2016-01-19 16:25:16,2016-01-19 16:32:22,1,1.0,,,-73.97589111328125,40.7406005859375,-73.98357391357422,40.74910354614258,1,N,1,6.5,1.0,0.5,0.3,1.0,0.0,9.3
1,2016-01-19 21:12:22,2016-01-19 21:18:11,1,0.6,,,-73.97821044921875,40.764495849609375,-73.9844741821289,40.762508392333984,1,N,1,5.5,0.5,0.5,0.3,1.7,0.0,8.5
1,2016-01-06 09:43:36,2016-01-06 09:45:22,2,0.5,,,-74.02865600585938,40.62286376953125,-74.02568054199219,40.629268646240234,1,N,1,3.5,0.0,0.5,0.3,5.0,0.0,9.3
1,2016-01-13 22:39:08,2016-01-13 22:42:33,1,0.5,,,-73.99762725830078,40.74410629272461,-73.98899841308594,40.74116897583008,1,N,2,4.5,0.5,0.5,0.3,0.0,0.0,5.8
2,2016-01-14 09:52:26,2016-01-14 09:58:07,1,0.76,,,-73.9958724975586,40.75897979736328,-73.98661041259766,40.762630462646484,1,N,1,5.5,0.0,0.5,0.3,1.26,0.0,7.56
2,2016-01-05 21:17:26,2016-01-05 21:26:25,2,2.32,,,-73.97883605957031,40.75434112548828,-73.95759582519531,40.78268051147461,1,N,1,9.5,0.5,0.5,0.3,2.0,0.0,12.8
1,2016-01-16 19:31:53,2016-01-16 19:52:46,2,1.9,,,-74.00360107421875,40.74338912963867,-73.98331451416016,40.72670364379883,1,N,1,13.5,0.0,0.5,0.3,2.85,0.0,17.15
2,2016-01-21 10:24:57,2016-01-21 10:49:46,1,2.75,,,-73.99076080322266,40.73808670043945,-73.98257446289062,40.766845703125,1,N,1,16.5,0.0,0.5,0.3,3.46,0.0,20.76
1,2016-01-07 10:05:46,2016-01-07 10:24:36,1,2.8,,,-73.98233032226562,40.754093170166016,-73.99256134033203,40.72435760498047,1,N,1,13.5,0.0,0.5,0.3,1.0,0.0,15.3
1,2016-01-08 10:53:39,2016-01-08 10:56:28,1,0.3,,,-73.99063873291016,40.745609283447266,-73.9854965209961,40.744407653808594,1,N,1,3.5,0.0,0.5,0.3,0.25,0.0,4.55
2,2016-01-19 19:48:48,2016-01-19 19:52:57,1,0.72,,,-73.98023986816406,40.72697830200195,-73.98650360107422,40.73310089111328,1,N,1,5.0,1.0,0.5,0.3,1.36,0.0,8.16
1,2016-01-14 21:06:17,2016-01-14 21:18:15,1,2.8,,,-73.98567199707031,40.758113861083984,-73.96742248535156,40.79195785522461,1,N,2,11.5,0.5,0.5,0.3,0.0,0.0,12.8
1,2016-01-27 14:39:57,2016-01-27 15:13:51,1,12.1,,,-73.95560455322266,40.7641716003418,-73.90620422363281,40.90850830078125,1,N,2,38.0,0.0,0.5,0.3,0.0,0.0,38.8
1,2016-01-09 12:47:05,2016-01-09 12:50:51,1,0.8,,,-73.9801254272461,40.73844528198242,-73.9849853515625,40.72899627685547,1,N,1,5.0,0.0,0.5,0.3,1.0,0.0,6.8
1,2016-01-08 16:45:23,2016-01-08 16:54:46,1,1.9,,,-73.99252319335938,40.748260498046875,-73.9903564453125,40.729087829589844,1,N,1,9.0,1.0,0.5,0.3,1.0,0.0,11.8
1,2016-01-30 02:26:47,2016-01-30 02:32:30,1,1.0,,,-73.99372100830078,40.74150848388672,-74.00469970703125,40.7333869934082,1,N,1,6.0,0.5,0.5,0.3,2.15,0.0,9.45
2,2016-01-04 10:30:29,2016-01-04 10:34:27,1,0.76,,,-73.98381805419922,40.75490188598633,-73.97634887695312,40.76316833496094,1,N,2,5.0,0.0,0.5,0.3,0.0,0.0,5.8
2,2016-01-02 10:05:45,2016-01-02 10:33:02,4,11.64,,,-73.99771881103516,40.76512145996094,-73.96273803710938,40.622501373291016,1,N,2,35.5,0.0,0.5,0.3,0.0,5.54,41.84
1,2016-01-04 21:24:03,2016-01-04 21:32:40,1,2.1,,,-74.00431823730469,40.742332458496094,-73.97801208496094,40.752376556396484,1,N,1,8.5,0.5,0.5,0.3,2.0,0.0,11.8
2,2016-01-22 19:36:37,2016-01-22 19:53:40,1,2.09,,,-74.00769805908203,40.71780014038086,-73.98735046386719,40.73591232299805,1,N,1,12.0,1.0,0.5,0.3,1.0,0.0,14.8
2,2016-01-19 13:26:20,2016-01-19 13:32:31,3,0.82,,,-73.98876190185547,40.748600006103516,-73.9814224243164,40.759220123291016,1,N,2,6.0,0.0,0.5,0.3,0.0,0.0,6.8
2,2016-01-14 09:31:38,2016-01-14 09:36:18,1,0.6,,,-73.99822998046875,40.745208740234375,-74.00588989257812,40.75014877319336,1,N,1,5.0,0.0,0.5,0.3,1.16,0.0,6.96
2,2016-01-20 08:22:00,2016-01-20 08:47:36,1,4.37,,,-73.98521423339844,40.75358581542969,-73.92831420898438,40.74611282348633,1,N,1,19.5,0.0,0.5,0.3,6.09,0.0,26.39
1,2016-01-05 20:32:52,2016-01-05 20:36:23,1,0.7,,,-73.95726013183594,40.76817321777344,-73.95551300048828,40.776451110839844,1,N,2,4.5,0.5,0.5,0.3,0.0,0.0,5.8
2,2016-01-30 19:58:15,2016-01-30 20:04:15,1,0.83,,,-73.97725677490234,40.75355529785156,-73.96810150146484,40.7562255859375,1,N,2,5.5,0.0,0.5,0.3,0.0,0.0,6.3
2,2016-01-22 13:14:04,2016-01-22 13:22:45,6,0.73,,,-73.98346710205078,40.73857879638672,-73.99453735351562,40.74034881591797,1,N,1,7.0,0.0,0.5,0.3,1.4,0.0,9.2
1,2016-01-30 17:43:45,2016-01-30 17:45:05,1,0.2,,,-73.96803283691406,40.76002502441406,-73.96615600585938,40.76194763183594,1,N,2,3.0,0.0,0.5,0.3,0.0,0.0,3.8
2,2016-01-13 21:47:46,2016-01-13 21:56:31,1,1.51,,,-73.98944091796875,40.7413444519043,-73.97364044189453,40.748008728027344,1,N,1,8.0,0.5,0.5,0.3,2.32,0.0,11.62
2,2016-01-22 08:22:18,2016-01-22 08:45:35,5,6.54,,,-74.01770782470703,40.70927810668945,-73.97058868408203,40.758670806884766,1,N,2,22.0,0.0,0.5,0.3,0.0,0.0,22.8
1,2016-01-14 08:24:44,2016-01-14 08:29:24,1,0.4,,,-74.00260925292969,40.723716735839844,-74.00238800048828,40.728965759277344,1,N,1,4.5,0.0,0.5,0.3,1.05,0.0,6.35
1,2016-01-26 09:37:22,2016-01-26 10:33:35,1,7.6,,,-73.99461364746094,40.69011306762695,-73.98895263671875,40.75463104248047,1,N,1,40.0,0.0,0.5,0.3,8.15,0.0,48.95
2,2016-01-16 20:09:52,2016-01-16 20:37:48,1,1.99,,,-73.98272705078125,40.7420654296875,-73.98767852783203,40.73289108276367,1,N,2,16.5,0.5,0.5,0.3,0.0,0.0,17.8
1,2016-01-29 20:53:39,2016-01-29 20:54:27,1,3.9,,,-74.17719268798828,40.69511413574219,-74.17719268798828,40.69511413574219,5,N,1,90.0,0.0,0.0,0.3,18.05,0.0,108.35
1,2016-01-03 16:33:59,2016-01-03 17:41:29,1,18.3,,,-73.7767562866211,40.64528274536133,-73.96063232421875,40.77057647705078,2,N,2,52.0,0.0,0.5,0.3,0.0,0.0,52.8
2,2016-01-20 12:01:47,2016-01-21 11:24:53,1,1.13,,,-73.97391510009766,40.7645149230957,-73.9739761352539,40.75202560424805,1,N,2,10.5,0.0,0.5,0.3,0.0,0.0,11.3
1,2016-01-30 01:25:34,2016-01-30 01:30:27,1,0.8,,,-73.97295379638672,40.79322814941406,-73.9776840209961,40.784141540527344,1,N,2,5.5,0.5,0.5,0.3,0.0,0.0,6.8
1,2016-01-24 16:55:35,2016-01-24 17:05:03,1,1.4,,,-73.99209594726562,40.75410461425781,-73.99473571777344,40.74032211303711,1,N,1,8.0,0.0,0.5,0.3,1.0,0.0,9.8
1,2016-01-25 23:17:01,2016-01-25 23:31:55,1,5.2,,,-73.95276641845703,40.78657531738281,-73.97566986083984,40.7251091003418,1,N,1,18.0,0.5,0.5,0.3,0.0,0.0,19.3
1,2016-01-10 22:48:17,2016-01-10 22:54:19,2,1.4,,,-73.98542785644531,40.7579345703125,-73.97252655029297,40.74510192871094,1,N,1,6.5,0.5,0.5,0.3,1.0,0.0,8.8
1,2016-01-30 22:09:35,2016-01-30 22:26:58,1,1.2,,,-73.98944854736328,40.762752532958984,-73.97319030761719,40.75333023071289,1,N,1,11.5,0.5,0.5,0.3,2.55,0.0,15.35
1,2016-01-01 03:12:20,2016-01-01 03:33:08,3,5.8,,,0.0,0.0,0.0,0.0,1,N,2,19.5,0.5,0.5,0.3,0.0,0.0,20.8
1,2016-01-22 15:08:17,2016-01-22 15:33:56,1,8.2,,,-73.94429016113281,40.78263473510742,-73.9908447265625,40.70024871826172,1,N,2,25.5,0.0,0.5,0.3,0.0,0.0,26.3
2,2016-01-10 23:02:59,2016-01-10 23:21:49,5,11.3,,,-73.79007720947266,40.64363098144531,-73.65203094482422,40.69794845581055,4,N,2,44.5,0.5,0.5,0.3,0.0,0.0,45.8
2,2016-01-10 03:11:27,2016-01-10 03:18:03,6,1.44,,,-73.94510650634766,40.71160888671875,-73.9528579711914,40.71839141845703,1,N,1,7.0,0.5,0.5,0.3,2.08,0.0,10.38
2,2016-01-10 16:53:39,2016-01-10 16:59:27,1,0.98,,,-74.00048828125,40.73227310180664,-73.9897689819336,40.73546600341797,1,N,2,6.0,0.0,0.5,0.3,0.0,0.0,6.8
1,2016-01-21 07:20:34,2016-01-21 07:39:38,1,2.8,,,-73.9874267578125,40.744693756103516,-73.9793930053711,40.77368927001953,1,N,2,14.5,0.0,0.5,0.3,0.0,0.0,15.3
2,2016-01-13 17:33:45,2016-01-13 17:38:22,1,0.54,,,-73.99688720703125,40.7228889465332,-74.00108337402344,40.727630615234375,1,N,1,5.0,1.0,0.5,0.3,1.36,0.0,8.16
2,2016-01-12 21:58:29,2016-01-12 22:02:31,1,0.66,,,-73.94546508789062,40.778560638427734,-73.95210266113281,40.77228546142578,1,N,1,5.0,0.5,0.5,0.3,1.58,0.0,7.88
2,2016-01-21 11:21:25,2016-01-21 11:41:25,1,1.0,,,-73.97328186035156,40.752689361572266,-73.9767837524414,40.76240921020508,1,N,1,12.5,0.0,0.5,0.3,2.66,0.0,15.96
2,2016-01-03 03:21:46,2016-01-03 03:32:10,1,2.38,,,-73.98751831054688,40.7246208190918,-74.0112075805664,40.715518951416016,1,N,1,10.0,0.5,0.5,0.3,2.26,0.0,13.56
1,2016-01-16 08:12:49,2016-01-16 08:20:50,2,1.8,,,-73.98623657226562,40.74631881713867,-74.00851440429688,40.73923873901367,1,N,1,8.0,0.0,0.5,0.3,1.2,0.0,10.0
2,2016-01-03 19:59:33,2016-01-03 20:07:09,3,1.67,,,-73.98114013671875,40.75956344604492,-74.001953125,40.75597381591797,1,N,2,8.0,0.5,0.5,0.3,0.0,0.0,9.3
2,2016-01-21 14:28:24,2016-01-21 14:31:02,1,0.66,,,-73.97683715820312,40.78517150878906,-73.97073364257812,40.79349136352539,1,N,2,4.5,0.0,0.5,0.3,0.0,0.0,5.3
2,2016-01-13 23:11:25,2016-01-13 23:28:48,1,3.54,,,-73.98731231689453,40.75870132446289,-74.00433349609375,40.72279357910156,1,N,1,14.0,0.5,0.5,0.3,0.0,0.0,15.3
1,2016-01-11 08:24:02,2016-01-11 08:36:51,1,1.7,,,-73.99147033691406,40.74477767944336,-73.97360229492188,40.763694763183594,1,N,1,10.0,0.0,0.5,0.3,2.15,0.0,12.95
1,2016-01-09 14:50:29,2016-01-09 14:58:46,1,0.9,,,-74.00277709960938,40.728614807128906,-74.00102996826172,40.72297668457031,1,N,1,7.0,0.0,0.5,0.3,1.0,0.0,8.8
2,2016-01-01 01:31:32,2016-01-01 01:44:39,1,5.77,,,-73.93489074707031,40.8519401550293,-73.97305297851562,40.79273986816406,1,N,2,18.5,0.5,0.5,0.3,0.0,0.0,19.8
1,2016-01-13 15:01:25,2016-01-13 15:04:52,1,0.5,,,-73.99109649658203,40.750587463378906,-73.99954986572266,40.75425338745117,1,N,2,4.5,0.0,0.5,0.3,0.0,0.0,5.3
2,2016-01-11 20:21:02,2016-01-11 20:23:41,2,0.79,,,-73.95394134521484,40.775081634521484,-73.96192932128906,40.76776123046875,1,N,1,4.5,0.5,0.5,0.3,1.16,0.0,6.96
2,2016-01-15 11:25:45,2016-01-15 12:04:22,1,7.98,,,-73.82810974121094,40.69436264038086,-73.87225341796875,40.774288177490234,1,N,2,32.5,0.0,0.5,0.3,0.0,0.0,33.3
1,2016-01-08 21:18:26,2016-01-08 21:30:56,1,1.8,,,-73.98909759521484,40.721988677978516,-74.01058197021484,40.720062255859375,1,N,1,9.5,0.5,0.5,0.3,1.5,0.0,12.3
1,2016-01-21 13:43:39,2016-01-21 14:11:27,1,2.3,,,0.0,0.0,-73.97023010253906,40.759788513183594,1,N,1,17.5,0.0,0.5,0.3,2.5,0.0,20.8
1,2016-01-04 06:04:31,2016-01-04 06:07:55,1,0.8,,,-73.99016571044922,40.756046295166016,-73.98002624511719,40.76077651977539,1,N,1,5.0,0.0,0.5,0.3,1.45,0.0,7.25
2,2016-01-15 19:16:53,2016-01-15 19:27:58,1,1.91,,,-73.98133850097656,40.781150817871094,-73.9681167602539,40.80324172973633,1,N,1,9.5,1.0,0.5,0.3,1.0,0.0,12.3
2,2016-01-25 21:27:51,2016-01-25 21:51:06,2,5.21,,,-73.99284362792969,40.74272918701172,-73.95442199707031,40.7169189453125,1,N,1,19.5,0.5,0.5,0.3,4.16,0.0,24.96
2,2016-01-21 08:50:02,2016-01-21 08:57:50,1,1.12,,,-73.96044921875,40.761539459228516,-73.9643783569336,40.77315139770508,1,N,2,7.0,0.0,0.5,0.3,0.0,0.0,7.8
1,2016-01-12 13:39:44,2016-01-12 13:54:36,1,2.8,,,-73.97490692138672,40.752159118652344,-74.00540924072266,40.72751998901367,1,N,1,12.0,0.0,0.5,0.3,1.2,0.0,14.0
1,2016-01-13 16:16:55,2016-01-13 17:03:04,1,5.9,,,-74.00200653076172,40.715362548828125,-73.9448471069336,40.780033111572266,1,N,1,31.0,1.0,0.5,0.3,4.0,0.0,36.8
1,2016-01-25 11:05:07,2016-01-25 11:22:09,1,1.9,,,-73.96833038330078,40.76279067993164,-73.94813537597656,40.782997131347656,1,N,2,11.5,0.0,0.5,0.3,0.0,0.0,12.3
2,2016-01-02 15:43:56,2016-01-02 15:49:08,1,0.89,,,-73.95565032958984,40.776588439941406,-73.94381713867188,40.776241302490234,1,N,2,5.5,0.0,0.5,0.3,0.0,0.0,6.3
2,2016-01-01 18:53:56,2016-01-01 18:57:46,4,0.57,,,-74.01097869873047,40.71535873413086,-74.01383972167969,40.71070098876953,1,N,1,4.5,0.0,0.5,0.3,1.06,0.0,6.36
2,2016-01-12 09:39:05,2016-01-12 09:41:51,1,0.46,,,-73.98635864257812,40.73474884033203,-73.99115753173828,40.73088836669922,1,N,1,4.0,0.0,0.5,0.3,0.96,0.0,5.76
1,2016-01-14 22:01:28,2016-01-14 22:09:37,1,1.1,,,-73.99287414550781,40.733909606933594,-73.99418640136719,40.7202262878418,1,N,1,7.0,0.5,0.5,0.3,1.65,0.0,9.95
2,2016-01-08 13:35:52,2016-01-08 13:43:27,2,1.74,,,-73.97320556640625,40.76348876953125,-73.95657348632812,40.78390121459961,1,N,1,7.5,0.0,0.5,0.3,2.08,0.0,10.38
2,2016-01-08 18:52:12,2016-01-08 18:56:52,4,0.97,,,-73.99627685546875,40.724151611328125,-74.00115966796875,40.73350524902344,1,N,2,5.5,1.0,0.5,0.3,0.0,0.0,7.3
2,2016-01-19 12:49:43,2016-01-19 12:56:41,5,0.5,,,-73.98099517822266,40.75504684448242,-73.9786605834961,40.75059509277344,1,N,1,6.0,0.0,0.5,0.3,1.36,0.0,8.16
2,2016-01-14 12:40:21,2016-01-14 12:59:11,1,2.79,,,-73.99241638183594,40.74849319458008,-73.99688720703125,40.714935302734375,1,N,2,13.5,0.0,0.5,0.3,0.0,0.0,14.3
2,2016-01-27 21:25:47,2016-01-27 21:41:16,1,1.56,,,-73.99958801269531,40.733551025390625,-73.9823989868164,40.739498138427734,1,N,1,10.5,0.5,0.5,0.3,2.36,0.0,14.16
1,2016-01-18 12:00:08,2016-01-18 12:17:44,2,3.0,,,-73.95938873291016,40.77163314819336,-73.96284484863281,40.76738357543945,1,N,1,14.0,0.0,0.5,0.3,2.2,0.0,17.0
2,2016-01-25 08:58:46,2016-01-25 09:07:43,2,1.18,,,-73.98294067382812,40.74504852294922,-73.9783935546875,40.75838088989258,1,N,1,7.5,0.0,0.5,0.3,2.08,0.0,10.38
2,2016-01-07 13:56:10,2016-01-07 14:03:10,2,1.22,,,-74.00435638427734,40.7417106628418,-73.99533081054688,40.74949645996094,1,N,1,7.0,0.0,0.5,0.3,1.56,0.0,9.36
1,2016-01-09 12:35:50,2016-01-09 12:44:24,1,1.3,,,-73.9833984375,40.73900604248047,-73.99708557128906,40.724918365478516,1,N,1,8.0,0.0,0.5,0.3,1.75,0.0,10.55
2,2016-01-19 20:46:12,2016-01-19 20:51:19,1,1.03,,,-73.97613525390625,40.755271911621094,-73.9830551147461,40.74288558959961,1,N,1,6.0,0.5,0.5,0.3,1.46,0.0,8.76
2,2016-01-18 13:38:31,2016-01-18 13:48:43,1,1.1,,,-74.00125885009766,40.727508544921875,-73.98938751220703,40.719058990478516,1,N,1,8.0,0.0,0.5,0.3,2.2,0.0,11.0
2,2016-01-29 08:04:05,2016-01-29 08:15:12,1,1.08,,,-73.97683715820312,40.7411003112793,-73.97222137451172,40.753482818603516,1,N,1,8.5,0.0,0.5,0.3,1.86,0.0,11.16
2,2016-01-13 15:27:24,2016-01-13 15:37:10,6,1.52,,,-73.98323822021484,40.7818489074707,-73.97187805175781,40.79719924926758,1,N,2,8.5,0.0,0.5,0.3,0.0,0.0,9.3
1,2016-01-09 17:01:58,2016-01-09 17:24:05,3,2.3,,,-74.00263214111328,40.7559814453125,-73.97817993164062,40.777381896972656,1,N,1,15.0,1.0,0.5,0.3,3.35,0.0,20.15
2,2016-01-15 01:14:55,2016-01-15 01:34:30,2,7.3,,,-74.01488494873047,40.71353530883789,-73.95999908447266,40.71736526489258,1,N,1,23.5,0.5,0.5,0.3,3.0,0.0,27.8
1,2016-01-01 18:31:48,2016-01-01 18:52:23,2,3.6,,,-73.98089599609375,40.7651481628418,-73.99915313720703,40.7249641418457,1,N,1,16.0,1.0,0.5,0.3,3.55,0.0,21.35
1,2016-01-14 11:42:53,2016-01-14 12:03:06,1,3.2,,,-74.01482391357422,40.715633392333984,-73.99118041992188,40.73829650878906,1,N,2,15.5,0.0,0.5,0.3,0.0,0.0,16.3
2,2016-01-28 17:27:14,2016-01-28 18:02:14,1,9.3,,,-73.98201751708984,40.77613830566406,-73.98609924316406,40.7518196105957,1,N,1,32.5,1.0,0.5,0.3,7.97,5.54,47.81
1,2016-01-04 08:11:13,2016-01-04 09:25:47,2,17.1,,,-73.77664184570312,40.64531326293945,-73.97562408447266,40.751617431640625,2,N,1,52.0,0.0,0.5,0.3,21.66,5.54,80.0
2,2016-01-15 18:06:25,2016-01-15 18:16:53,4,1.96,,,-73.9599609375,40.77885055541992,-73.98222351074219,40.77178955078125,1,N,1,9.0,1.0,0.5,0.3,2.16,0.0,12.96
2,2016-01-20 14:52:25,2016-01-20 14:57:20,5,0.72,,,-73.95496368408203,40.76533126831055,-73.96495056152344,40.766822814941406,1,N,2,5.0,0.0,0.5,0.3,0.0,0.0,5.8
2,2016-01-04 17:22:49,2016-01-04 17:27:27,1,1.17,,,-73.99360656738281,40.762107849121094,-73.9825210571289,40.776039123535156,1,N,2,5.5,1.0,0.5,0.3,0.0,0.0,7.3
2,2016-01-12 13:57:39,2016-01-12 14:30:41,1,4.0,,,-73.99368286132812,40.73291015625,-73.95612335205078,40.77207946777344,1,N,1,21.5,0.0,0.5,0.3,4.46,0.0,26.76
2,2016-01-20 20:48:22,2016-01-21 20:38:07,2,2.78,,,-73.9822769165039,40.76835632324219,-73.95452117919922,40.78741455078125,1,N,1,11.5,0.5,0.5,0.3,1.28,0.0,14.08
1,2016-01-14 22:48:51,2016-01-14 22:57:17,1,1.2,,,-73.99640655517578,40.76328659057617,-73.97746276855469,40.7536506652832,1,N,1,7.5,0.5,0.5,0.3,2.0,0.0,10.8
2,2016-01-22 11:59:48,2016-01-22 12:00:08,1,0.0,,,-73.98880004882812,40.73838806152344,-73.98880004882812,40.73838806152344,3,N,1,20.0,0.0,0.0,0.3,0.0,0.0,20.3
1,2016-01-02 23:16:29,2016-01-02 23:39:59,1,11.2,,,-74.00564575195312,40.74016189575195,-73.9170913696289,40.87150955200195,1,N,2,32.5,0.5,0.5,0.3,0.0,0.0,33.8
2,2016-01-02 19:53:21,2016-01-02 19:56:38,5,0.74,,,-73.9565658569336,40.778099060058594,-73.96437072753906,40.771549224853516,1,N,1,4.5,0.0,0.5,0.3,1.0,0.0,6.3
2,2016-01-29 21:43:39,2016-01-29 21:47:54,1,0.9,,,-73.98594665527344,40.752349853515625,-73.97765350341797,40.76359176635742,1,N,1,5.5,0.5,0.5,0.3,1.7,0.0,8.5
1,2016-01-08 20:46:04,2016-01-08 20:58:11,1,7.8,,,-73.87317657470703,40.77419662475586,-73.97614288330078,40.749000549316406,1,Y,1,22.0,0.5,0.5,0.3,5.75,5.54,34.59
1,2016-01-29 23:18:14,2016-01-29 23:25:21,2,0.9,,,-73.98919677734375,40.73160171508789,-73.98590850830078,40.743377685546875,1,N,1,6.5,0.5,0.5,0.3,1.55,0.0,9.35
1,2016-01-08 08:48:26,2016-01-08 08:56:43,1,0.6,,,-73.95973205566406,40.770938873291016,-73.95410919189453,40.76542282104492,1,N,1,6.5,0.0,0.5,0.3,1.45,0.0,8.75
2,2016-01-17 00:01:23,2016-01-17 00:03:21,1,0.46,,,-73.9959945678711,40.75993728637695,-74.00238800048828,40.76082229614258,1,N,1,3.5,0.5,0.5,0.3,1.0,0.0,5.8
2,2016-01-26 16:01:30,2016-01-26 16:24:51,1,1.8,,,-73.95486450195312,40.778289794921875,-73.97756958007812,40.79222869873047,1,N,2,15.0,1.0,0.5,0.3,0.0,0.0,16.8
2,2016-01-04 18:13:11,2016-01-04 18:19:42,1,1.04,,,-73.98561096191406,40.77854537963867,-73.97467803955078,40.788185119628906,1,N,2,6.5,1.0,0.5,0.3,0.0,0.0,8.3
1,2016-01-20 23:59:22,2016-01-21 00:08:25,2,1.6,,,-73.99142456054688,40.74930191040039,-73.97787475585938,40.734092712402344,1,N,1,8.5,0.5,0.5,0.3,1.95,0.0,11.75
2,2016-01-20 08:54:20,2016-01-20 08:58:04,2,1.03,,,-73.97016906738281,40.79419708251953,-73.96086120605469,40.80694580078125,1,N,1,5.0,0.0,0.5,0.3,1.16,0.0,6.96
2,2016-01-18 18:42:12,2016-01-18 18:47:54,1,0.81,,,-74.0040283203125,40.707191467285156,-74.00839233398438,40.715152740478516,1,N,2,5.5,0.0,0.5,0.3,0.0,0.0,6.3
2,2016-01-02 13:16:52,2016-01-02 13:33:38,2,2.56,,,-73.96720886230469,40.7880744934082,-73.98591613769531,40.75777053833008,1,N,2,13.0,0.0,0.5,0.3,0.0,0.0,13.8
1,2016-01-06 19:27:36,2016-01-06 19:38:16,1,1.3,,,-73.98194885253906,40.77622985839844,-73.97852325439453,40.790863037109375,1,N,2,8.5,1.0,0.5,0.3,0.0,0.0,10.3
2,2016-01-26 21:42:45,2016-01-26 21:50:35,2,1.81,,,-73.97480773925781,40.75288009643555,-73.99131774902344,40.73202896118164,1,N,1,8.0,0.5,0.5,0.3,1.86,0.0,11.16
2,2016-01-22 20:37:40,2016-01-22 20:43:55,2,1.79,,,-73.95589447021484,40.773765563964844,-73.98001861572266,40.780860900878906,1,N,1,7.0,0.5,0.5,0.3,2.08,0.0,10.38
1,2016-01-26 14:08:38,2016-01-26 14:23:16,1,1.9,,,-73.96857452392578,40.80176544189453,-73.95445251464844,40.785640716552734,1,N,2,11.0,0.0,0.5,0.3,0.0,0.0,11.8
1,2016-01-14 10:13:35,2016-01-14 10:25:31,1,2.0,,,-73.97938537597656,40.78175354003906,-73.98795318603516,40.7722053527832,1,N,2,10.0,0.0,0.5,0.3,0.0,0.0,10.8
2,2016-01-17 09:59:08,2016-01-17 10:14:51,2,9.66,,,-73.97795104980469,40.74153137207031,-73.86500549316406,40.770538330078125,1,N,1,27.0,0.0,0.5,0.3,10.0,5.54,43.34
2,2016-01-30 19:02:11,2016-01-30 19:18:52,1,3.68,,,-73.96802520751953,40.792396545410156,-73.97145080566406,40.75379180908203,1,N,1,14.5,0.0,0.5,0.3,3.06,0.0,18.36
1,2016-01-25 11:43:18,2016-01-25 12:08:19,1,6.8,,,-74.0138168334961,40.712852478027344,-73.96839141845703,40.75730514526367,1,N,1,25.5,0.0,0.5,0.3,5.25,0.0,31.55
1,2016-01-21 12:12:31,2016-01-21 12:27:06,1,1.8,,,-73.99468994140625,40.74532699584961,-73.99674987792969,40.725406646728516,1,N,1,10.5,0.0,0.5,0.3,2.8,0.0,14.1
2,2016-01-30 09:06:31,2016-01-30 09:13:15,1,2.15,,,-73.97390747070312,40.74321365356445,-73.9540786743164,40.77033233642578,1,N,1,8.5,0.0,0.5,0.3,1.86,0.0,11.16
1,2016-01-16 11:17:58,2016-01-16 11:27:56,2,1.6,,,-73.97528839111328,40.757835388183594,-73.99250030517578,40.74934768676758,1,N,1,8.5,0.0,0.5,0.3,2.75,0.0,12.05
2,2016-01-04 17:07:04,2016-01-04 17:10:03,5,0.63,,,-73.96094512939453,40.7720832824707,-73.95724487304688,40.76682662963867,1,N,2,4.0,1.0,0.5,0.3,0.0,0.0,5.8
1,2016-01-22 07:18:19,2016-01-22 07:20:40,1,0.6,,,-73.98046112060547,40.73866271972656,-73.98278045654297,40.73158264160156,1,N,1,4.0,0.0,0.5,0.3,0.95,0.0,5.75
1,2016-01-19 06:25:03,2016-01-19 06:28:35,1,0.7,,,-73.9925765991211,40.75677490234375,-73.98394775390625,40.765384674072266,1,N,2,5.0,0.0,0.5,0.3,0.0,0.0,5.8
1,2016-01-05 13:35:16,2016-01-05 13:39:43,1,0.3,,,-73.98623657226562,40.73048400878906,-73.99152374267578,40.73074722290039,1,N,1,4.5,0.0,0.5,0.3,1.05,0.0,6.35
2,2016-01-30 01:40:51,2016-01-30 01:56:24,5,4.25,,,-73.98957824707031,40.702579498291016,-73.91787719726562,40.7010383605957,1,N,1,15.5,0.5,0.5,0.3,4.2,0.0,21.0
2,2016-01-15 20:13:23,2016-01-15 20:28:52,1,4.41,,,-73.96263122558594,40.76298904418945,-73.98726654052734,40.72222900390625,1,N,1,16.5,0.5,0.5,0.3,3.0,0.0,20.8
2,2016-01-09 09:38:26,2016-01-09 09:58:30,1,3.82,,,-73.95025634765625,40.7800178527832,-73.99124145507812,40.75016784667969,1,N,1,16.0,0.0,0.5,0.3,2.5,0.0,19.3
